Time,AIR COND HVAC 1:DesPer 1:Des Heat Mass Flow [kg/s],AIR COND HVAC 1:DesPer 1:Des Heat Cap [W],AIR COND HVAC 1:DesPer 1:Des Cool Mass Flow [kg/s],AIR COND HVAC 1:DesPer 1:Des Sens Cool Cap [W],AIR COND HVAC 1:DesPer 1:Des Tot Cool Cap [W],AIR COND HVAC 1:DesPer 2:Des Heat Mass Flow [kg/s],AIR COND HVAC 1:DesPer 2:Des Heat Cap [W],AIR COND HVAC 1:DesPer 2:Des Cool Mass Flow [kg/s],AIR COND HVAC 1:DesPer 2:Des Sens Cool Cap [W],AIR COND HVAC 1:DesPer 2:Des Tot Cool Cap [W],AIR COND HVAC 1:DesPer 3:Des Heat Mass Flow [kg/s],AIR COND HVAC 1:DesPer 3:Des Heat Cap [W],AIR COND HVAC 1:DesPer 3:Des Cool Mass Flow [kg/s],AIR COND HVAC 1:DesPer 3:Des Sens Cool Cap [W],AIR COND HVAC 1:DesPer 3:Des Tot Cool Cap [W],AIR COND HVAC 1:DesPer 4:Des Heat Mass Flow [kg/s],AIR COND HVAC 1:DesPer 4:Des Heat Cap [W],AIR COND HVAC 1:DesPer 4:Des Cool Mass Flow [kg/s],AIR COND HVAC 1:DesPer 4:Des Sens Cool Cap [W],AIR COND HVAC 1:DesPer 4:Des Tot Cool Cap [W],AIR COND HVAC 1:DesPer 5:Des Heat Mass Flow [kg/s],AIR COND HVAC 1:DesPer 5:Des Heat Cap [W],AIR COND HVAC 1:DesPer 5:Des Cool Mass Flow [kg/s],AIR COND HVAC 1:DesPer 5:Des Sens Cool Cap [W],AIR COND HVAC 1:DesPer 5:Des Tot Cool Cap [W],AIR COND HVAC 1:DesPer 6:Des Heat Mass Flow [kg/s],AIR COND HVAC 1:DesPer 6:Des Heat Cap [W],AIR COND HVAC 1:DesPer 6:Des Cool Mass Flow [kg/s],AIR COND HVAC 1:DesPer 6:Des Sens Cool Cap [W],AIR COND HVAC 1:DesPer 6:Des Tot Cool Cap [W],AIR COND HVAC 1:DesPer 7:Des Heat Mass Flow [kg/s],AIR COND HVAC 1:DesPer 7:Des Heat Cap [W],AIR COND HVAC 1:DesPer 7:Des Cool Mass Flow [kg/s],AIR COND HVAC 1:DesPer 7:Des Sens Cool Cap [W],AIR COND HVAC 1:DesPer 7:Des Tot Cool Cap [W],AIR COND HVAC 1:DesPer 8:Des Heat Mass Flow [kg/s],AIR COND HVAC 1:DesPer 8:Des Heat Cap [W],AIR COND HVAC 1:DesPer 8:Des Cool Mass Flow [kg/s],AIR COND HVAC 1:DesPer 8:Des Sens Cool Cap [W],AIR COND HVAC 1:DesPer 8:Des Tot Cool Cap [W],AIR COND HVAC 1:DesPer 9:Des Heat Mass Flow [kg/s],AIR COND HVAC 1:DesPer 9:Des Heat Cap [W],AIR COND HVAC 1:DesPer 9:Des Cool Mass Flow [kg/s],AIR COND HVAC 1:DesPer 9:Des Sens Cool Cap [W],AIR COND HVAC 1:DesPer 9:Des Tot Cool Cap [W],AIR COND HVAC 1:DesPer10:Des Heat Mass Flow [kg/s],AIR COND HVAC 1:DesPer10:Des Heat Cap [W],AIR COND HVAC 1:DesPer10:Des Cool Mass Flow [kg/s],AIR COND HVAC 1:DesPer10:Des Sens Cool Cap [W],AIR COND HVAC 1:DesPer10:Des Tot Cool Cap [W],AIR COND HVAC 1:DesPer11:Des Heat Mass Flow [kg/s],AIR COND HVAC 1:DesPer11:Des Heat Cap [W],AIR COND HVAC 1:DesPer11:Des Cool Mass Flow [kg/s],AIR COND HVAC 1:DesPer11:Des Sens Cool Cap [W],AIR COND HVAC 1:DesPer11:Des Tot Cool Cap [W],AIR COND HVAC 1:DesPer12:Des Heat Mass Flow [kg/s],AIR COND HVAC 1:DesPer12:Des Heat Cap [W],AIR COND HVAC 1:DesPer12:Des Cool Mass Flow [kg/s],AIR COND HVAC 1:DesPer12:Des Sens Cool Cap [W],AIR COND HVAC 1:DesPer12:Des Tot Cool Cap [W],AIR COND HVAC 1:DesPer13:Des Heat Mass Flow [kg/s],AIR COND HVAC 1:DesPer13:Des Heat Cap [W],AIR COND HVAC 1:DesPer13:Des Cool Mass Flow [kg/s],AIR COND HVAC 1:DesPer13:Des Sens Cool Cap [W],AIR COND HVAC 1:DesPer13:Des Tot Cool Cap [W],AIR COND HVAC 1:DesPer14:Des Heat Mass Flow [kg/s],AIR COND HVAC 1:DesPer14:Des Heat Cap [W],AIR COND HVAC 1:DesPer14:Des Cool Mass Flow [kg/s],AIR COND HVAC 1:DesPer14:Des Sens Cool Cap [W],AIR COND HVAC 1:DesPer14:Des Tot Cool Cap [W],AIR COND HVAC 2:DesPer 1:Des Heat Mass Flow [kg/s],AIR COND HVAC 2:DesPer 1:Des Heat Cap [W],AIR COND HVAC 2:DesPer 1:Des Cool Mass Flow [kg/s],AIR COND HVAC 2:DesPer 1:Des Sens Cool Cap [W],AIR COND HVAC 2:DesPer 1:Des Tot Cool Cap [W],AIR COND HVAC 2:DesPer 2:Des Heat Mass Flow [kg/s],AIR COND HVAC 2:DesPer 2:Des Heat Cap [W],AIR COND HVAC 2:DesPer 2:Des Cool Mass Flow [kg/s],AIR COND HVAC 2:DesPer 2:Des Sens Cool Cap [W],AIR COND HVAC 2:DesPer 2:Des Tot Cool Cap [W],AIR COND HVAC 2:DesPer 3:Des Heat Mass Flow [kg/s],AIR COND HVAC 2:DesPer 3:Des Heat Cap [W],AIR COND HVAC 2:DesPer 3:Des Cool Mass Flow [kg/s],AIR COND HVAC 2:DesPer 3:Des Sens Cool Cap [W],AIR COND HVAC 2:DesPer 3:Des Tot Cool Cap [W],AIR COND HVAC 2:DesPer 4:Des Heat Mass Flow [kg/s],AIR COND HVAC 2:DesPer 4:Des Heat Cap [W],AIR COND HVAC 2:DesPer 4:Des Cool Mass Flow [kg/s],AIR COND HVAC 2:DesPer 4:Des Sens Cool Cap [W],AIR COND HVAC 2:DesPer 4:Des Tot Cool Cap [W],AIR COND HVAC 2:DesPer 5:Des Heat Mass Flow [kg/s],AIR COND HVAC 2:DesPer 5:Des Heat Cap [W],AIR COND HVAC 2:DesPer 5:Des Cool Mass Flow [kg/s],AIR COND HVAC 2:DesPer 5:Des Sens Cool Cap [W],AIR COND HVAC 2:DesPer 5:Des Tot Cool Cap [W],AIR COND HVAC 2:DesPer 6:Des Heat Mass Flow [kg/s],AIR COND HVAC 2:DesPer 6:Des Heat Cap [W],AIR COND HVAC 2:DesPer 6:Des Cool Mass Flow [kg/s],AIR COND HVAC 2:DesPer 6:Des Sens Cool Cap [W],AIR COND HVAC 2:DesPer 6:Des Tot Cool Cap [W],AIR COND HVAC 2:DesPer 7:Des Heat Mass Flow [kg/s],AIR COND HVAC 2:DesPer 7:Des Heat Cap [W],AIR COND HVAC 2:DesPer 7:Des Cool Mass Flow [kg/s],AIR COND HVAC 2:DesPer 7:Des Sens Cool Cap [W],AIR COND HVAC 2:DesPer 7:Des Tot Cool Cap [W],AIR COND HVAC 2:DesPer 8:Des Heat Mass Flow [kg/s],AIR COND HVAC 2:DesPer 8:Des Heat Cap [W],AIR COND HVAC 2:DesPer 8:Des Cool Mass Flow [kg/s],AIR COND HVAC 2:DesPer 8:Des Sens Cool Cap [W],AIR COND HVAC 2:DesPer 8:Des Tot Cool Cap [W],AIR COND HVAC 2:DesPer 9:Des Heat Mass Flow [kg/s],AIR COND HVAC 2:DesPer 9:Des Heat Cap [W],AIR COND HVAC 2:DesPer 9:Des Cool Mass Flow [kg/s],AIR COND HVAC 2:DesPer 9:Des Sens Cool Cap [W],AIR COND HVAC 2:DesPer 9:Des Tot Cool Cap [W],AIR COND HVAC 2:DesPer10:Des Heat Mass Flow [kg/s],AIR COND HVAC 2:DesPer10:Des Heat Cap [W],AIR COND HVAC 2:DesPer10:Des Cool Mass Flow [kg/s],AIR COND HVAC 2:DesPer10:Des Sens Cool Cap [W],AIR COND HVAC 2:DesPer10:Des Tot Cool Cap [W],AIR COND HVAC 2:DesPer11:Des Heat Mass Flow [kg/s],AIR COND HVAC 2:DesPer11:Des Heat Cap [W],AIR COND HVAC 2:DesPer11:Des Cool Mass Flow [kg/s],AIR COND HVAC 2:DesPer11:Des Sens Cool Cap [W],AIR COND HVAC 2:DesPer11:Des Tot Cool Cap [W],AIR COND HVAC 2:DesPer12:Des Heat Mass Flow [kg/s],AIR COND HVAC 2:DesPer12:Des Heat Cap [W],AIR COND HVAC 2:DesPer12:Des Cool Mass Flow [kg/s],AIR COND HVAC 2:DesPer12:Des Sens Cool Cap [W],AIR COND HVAC 2:DesPer12:Des Tot Cool Cap [W],AIR COND HVAC 2:DesPer13:Des Heat Mass Flow [kg/s],AIR COND HVAC 2:DesPer13:Des Heat Cap [W],AIR COND HVAC 2:DesPer13:Des Cool Mass Flow [kg/s],AIR COND HVAC 2:DesPer13:Des Sens Cool Cap [W],AIR COND HVAC 2:DesPer13:Des Tot Cool Cap [W],AIR COND HVAC 2:DesPer14:Des Heat Mass Flow [kg/s],AIR COND HVAC 2:DesPer14:Des Heat Cap [W],AIR COND HVAC 2:DesPer14:Des Cool Mass Flow [kg/s],AIR COND HVAC 2:DesPer14:Des Sens Cool Cap [W],AIR COND HVAC 2:DesPer14:Des Tot Cool Cap [W]
01:00:00,2.544145E-02,0.000000E+00,2.544145E-02,4.168128E+02,1.033324E+03,2.544145E-02,0.000000E+00,2.544145E-02,2.864309E+02,9.652852E+02,2.544145E-02,0.000000E+00,2.544145E-02,3.350046E+02,1.167744E+03,2.544145E-02,0.000000E+00,2.544145E-02,3.401176E+02,1.190039E+03,2.692595E-02,0.000000E+00,2.544145E-02,1.585034E+02,5.036441E+02,2.544145E-02,0.000000E+00,2.544145E-02,3.758064E+02,1.351201E+03,2.544145E-02,0.000000E+00,2.544145E-02,3.323458E+02,3.251481E+02,2.544145E-02,0.000000E+00,2.544145E-02,4.030076E+02,1.092255E+03,2.544145E-02,0.000000E+00,2.544145E-02,2.905214E+02,9.807978E+02,2.544145E-02,0.000000E+00,2.544145E-02,3.518775E+02,1.241002E+03,2.544145E-02,0.000000E+00,2.544145E-02,3.467645E+02,1.218269E+03,6.753349E-02,5.225344E+02,2.544145E-02,0.000000E+00,0.000000E+00,3.067864E-02,0.000000E+00,2.544145E-02,1.150428E+02,3.665246E+02,5.814538E-02,3.096678E+02,2.544145E-02,0.000000E+00,0.000000E+00,1.908109E-02,0.000000E+00,1.908109E-02,3.126096E+02,7.749931E+02,1.908109E-02,0.000000E+00,1.908109E-02,2.148232E+02,7.239639E+02,1.908109E-02,0.000000E+00,1.908109E-02,2.512534E+02,8.758081E+02,1.908109E-02,0.000000E+00,1.908109E-02,2.550882E+02,8.925291E+02,2.109782E-02,0.000000E+00,1.908109E-02,1.188775E+02,3.777331E+02,1.908109E-02,0.000000E+00,1.908109E-02,2.818548E+02,1.013400E+03,1.908109E-02,0.000000E+00,1.908109E-02,2.492593E+02,2.438611E+02,1.908109E-02,0.000000E+00,1.908109E-02,3.022557E+02,8.191916E+02,1.908109E-02,0.000000E+00,1.908109E-02,2.178910E+02,7.355984E+02,1.908109E-02,0.000000E+00,1.908109E-02,2.639081E+02,9.307516E+02,1.908109E-02,0.000000E+00,1.908109E-02,2.600734E+02,9.137021E+02,5.491431E-02,4.248946E+02,1.908109E-02,0.000000E+00,0.000000E+00,2.430071E-02,0.000000E+00,1.908109E-02,8.628208E+01,2.748935E+02,4.705532E-02,2.506049E+02,1.908109E-02,0.000000E+00,0.000000E+00
02:00:00,2.544145E-02,0.000000E+00,2.544145E-02,4.074048E+02,1.023559E+03,2.544145E-02,0.000000E+00,2.544145E-02,2.770230E+02,9.279431E+02,2.544145E-02,0.000000E+00,2.544145E-02,3.255966E+02,1.127224E+03,2.544145E-02,0.000000E+00,2.544145E-02,3.307096E+02,1.149166E+03,2.692901E-02,0.000000E+00,2.544145E-02,1.585034E+02,5.036441E+02,2.544145E-02,0.000000E+00,2.544145E-02,3.758064E+02,1.351201E+03,2.544145E-02,0.000000E+00,2.544145E-02,3.323458E+02,3.251481E+02,2.544145E-02,0.000000E+00,2.544145E-02,3.956449E+02,1.084597E+03,2.544145E-02,0.000000E+00,2.544145E-02,2.831586E+02,9.513402E+02,2.544145E-02,0.000000E+00,2.544145E-02,3.445148E+02,1.208330E+03,2.544145E-02,0.000000E+00,2.544145E-02,3.394017E+02,1.185881E+03,6.755634E-02,5.227112E+02,2.544145E-02,0.000000E+00,0.000000E+00,3.067710E-02,0.000000E+00,2.544145E-02,1.150428E+02,3.665246E+02,5.817126E-02,3.098056E+02,2.544145E-02,0.000000E+00,0.000000E+00,1.908109E-02,0.000000E+00,1.908109E-02,3.055536E+02,7.676694E+02,1.908109E-02,0.000000E+00,1.908109E-02,2.077672E+02,6.959573E+02,1.908109E-02,0.000000E+00,1.908109E-02,2.441975E+02,8.454183E+02,1.908109E-02,0.000000E+00,1.908109E-02,2.480322E+02,8.618743E+02,2.110002E-02,0.000000E+00,1.908109E-02,1.188775E+02,3.777331E+02,1.908109E-02,0.000000E+00,1.908109E-02,2.818548E+02,1.013400E+03,1.908109E-02,0.000000E+00,1.908109E-02,2.492593E+02,2.438611E+02,1.908109E-02,0.000000E+00,1.908109E-02,2.967337E+02,8.134478E+02,1.908109E-02,0.000000E+00,1.908109E-02,2.123690E+02,7.135051E+02,1.908109E-02,0.000000E+00,1.908109E-02,2.583861E+02,9.062473E+02,1.908109E-02,0.000000E+00,1.908109E-02,2.545513E+02,8.894106E+02,5.493204E-02,4.250318E+02,1.908109E-02,0.000000E+00,0.000000E+00,2.429920E-02,0.000000E+00,1.908109E-02,8.628208E+01,2.748935E+02,4.707546E-02,2.507122E+02,1.908109E-02,0.000000E+00,0.000000E+00
03:00:00,2.544145E-02,0.000000E+00,2.544145E-02,4.003489E+02,1.016235E+03,2.544145E-02,0.000000E+00,2.544145E-02,2.699670E+02,9.003175E+02,2.544145E-02,0.000000E+00,2.544145E-02,3.185407E+02,1.097256E+03,2.544145E-02,0.000000E+00,2.544145E-02,3.236537E+02,1.118936E+03,2.693291E-02,0.000000E+00,2.544145E-02,1.585034E+02,5.036441E+02,2.544145E-02,0.000000E+00,2.544145E-02,3.758064E+02,1.351201E+03,2.544145E-02,0.000000E+00,2.544145E-02,3.323458E+02,3.251481E+02,2.544145E-02,0.000000E+00,2.544145E-02,3.901228E+02,1.078854E+03,2.544145E-02,0.000000E+00,2.544145E-02,2.776366E+02,9.294830E+02,2.544145E-02,0.000000E+00,2.544145E-02,3.389927E+02,1.184093E+03,2.544145E-02,0.000000E+00,2.544145E-02,3.338797E+02,1.161854E+03,6.757773E-02,5.228767E+02,2.544145E-02,0.000000E+00,0.000000E+00,3.067643E-02,0.000000E+00,2.544145E-02,1.150428E+02,3.665246E+02,5.819535E-02,3.099339E+02,2.544145E-02,0.000000E+00,0.000000E+00,1.908109E-02,0.000000E+00,1.908109E-02,3.002616E+02,7.621766E+02,1.908109E-02,0.000000E+00,1.908109E-02,2.024753E+02,6.752381E+02,1.908109E-02,0.000000E+00,1.908109E-02,2.389055E+02,8.229418E+02,1.908109E-02,0.000000E+00,1.908109E-02,2.427403E+02,8.392024E+02,2.110291E-02,0.000000E+00,1.908109E-02,1.188775E+02,3.777331E+02,1.908109E-02,0.000000E+00,1.908109E-02,2.818548E+02,1.013400E+03,1.908109E-02,0.000000E+00,1.908109E-02,2.492593E+02,2.438611E+02,1.908109E-02,0.000000E+00,1.908109E-02,2.925921E+02,8.091403E+02,1.908109E-02,0.000000E+00,1.908109E-02,2.082274E+02,6.971122E+02,1.908109E-02,0.000000E+00,1.908109E-02,2.542445E+02,8.880700E+02,1.908109E-02,0.000000E+00,1.908109E-02,2.504098E+02,8.713907E+02,5.494861E-02,4.251600E+02,1.908109E-02,0.000000E+00,0.000000E+00,2.429842E-02,0.000000E+00,1.908109E-02,8.628208E+01,2.748935E+02,4.709418E-02,2.508119E+02,1.908109E-02,0.000000E+00,0.000000E+00
04:00:00,2.544145E-02,0.000000E+00,2.544145E-02,3.932929E+02,1.008912E+03,2.544145E-02,0.000000E+00,2.544145E-02,2.629111E+02,8.730131E+02,2.544145E-02,0.000000E+00,2.544145E-02,3.114847E+02,1.067642E+03,2.544145E-02,0.000000E+00,2.544145E-02,3.165977E+02,1.089066E+03,2.693725E-02,0.000000E+00,2.544145E-02,1.585034E+02,5.036441E+02,2.544145E-02,0.000000E+00,2.544145E-02,3.758064E+02,1.351201E+03,2.544145E-02,0.000000E+00,2.544145E-02,3.323458E+02,3.251481E+02,2.544145E-02,0.000000E+00,2.544145E-02,3.846008E+02,1.073110E+03,2.544145E-02,0.000000E+00,2.544145E-02,2.721145E+02,9.078254E+02,2.544145E-02,0.000000E+00,2.544145E-02,3.334707E+02,1.160083E+03,2.544145E-02,0.000000E+00,2.544145E-02,3.283576E+02,1.138052E+03,6.759787E-02,5.230326E+02,2.544145E-02,0.000000E+00,0.000000E+00,3.067628E-02,0.000000E+00,2.544145E-02,1.150428E+02,3.665246E+02,5.821806E-02,3.100549E+02,2.544145E-02,0.000000E+00,0.000000E+00,1.908109E-02,0.000000E+00,1.908109E-02,2.949697E+02,7.566838E+02,1.908109E-02,0.000000E+00,1.908109E-02,1.971833E+02,6.547598E+02,1.908109E-02,0.000000E+00,1.908109E-02,2.336135E+02,8.007316E+02,1.908109E-02,0.000000E+00,1.908109E-02,2.374483E+02,8.167995E+02,2.110614E-02,0.000000E+00,1.908109E-02,1.188775E+02,3.777331E+02,1.908109E-02,0.000000E+00,1.908109E-02,2.818548E+02,1.013400E+03,1.908109E-02,0.000000E+00,1.908109E-02,2.492593E+02,2.438611E+02,1.908109E-02,0.000000E+00,1.908109E-02,2.884506E+02,8.048325E+02,1.908109E-02,0.000000E+00,1.908109E-02,2.040859E+02,6.808691E+02,1.908109E-02,0.000000E+00,1.908109E-02,2.501030E+02,8.700626E+02,1.908109E-02,0.000000E+00,1.908109E-02,2.462682E+02,8.535390E+02,5.496419E-02,4.252805E+02,1.908109E-02,0.000000E+00,0.000000E+00,2.429806E-02,0.000000E+00,1.908109E-02,8.628208E+01,2.748935E+02,4.711180E-02,2.509057E+02,1.908109E-02,0.000000E+00,0.000000E+00
05:00:00,2.544145E-02,0.000000E+00,2.544145E-02,3.885889E+02,1.004030E+03,2.544145E-02,0.000000E+00,2.544145E-02,2.582071E+02,8.549863E+02,2.544145E-02,0.000000E+00,2.544145E-02,3.067807E+02,1.048094E+03,2.544145E-02,0.000000E+00,2.544145E-02,3.118937E+02,1.069349E+03,2.694173E-02,0.000000E+00,2.544145E-02,1.585034E+02,5.036441E+02,2.544145E-02,0.000000E+00,2.544145E-02,3.758064E+02,1.351201E+03,2.544145E-02,0.000000E+00,2.544145E-02,3.323458E+02,3.251481E+02,2.544145E-02,0.000000E+00,2.544145E-02,3.809194E+02,1.069281E+03,2.544145E-02,0.000000E+00,2.544145E-02,2.684331E+02,8.934970E+02,2.544145E-02,0.000000E+00,2.544145E-02,3.297893E+02,1.144202E+03,2.544145E-02,0.000000E+00,2.544145E-02,3.246763E+02,1.122307E+03,6.761691E-02,5.231798E+02,2.544145E-02,0.000000E+00,0.000000E+00,3.067642E-02,0.000000E+00,2.544145E-02,1.150428E+02,3.665246E+02,5.823956E-02,3.101693E+02,2.544145E-02,0.000000E+00,0.000000E+00,1.908109E-02,0.000000E+00,1.908109E-02,2.914417E+02,7.530223E+02,1.908109E-02,0.000000E+00,1.908109E-02,1.936553E+02,6.412398E+02,1.908109E-02,0.000000E+00,1.908109E-02,2.300855E+02,7.860708E+02,1.908109E-02,0.000000E+00,1.908109E-02,2.339203E+02,8.020120E+02,2.110948E-02,0.000000E+00,1.908109E-02,1.188775E+02,3.777331E+02,1.908109E-02,0.000000E+00,1.908109E-02,2.818548E+02,1.013400E+03,1.908109E-02,0.000000E+00,1.908109E-02,2.492593E+02,2.438611E+02,1.908109E-02,0.000000E+00,1.908109E-02,2.856896E+02,8.019608E+02,1.908109E-02,0.000000E+00,1.908109E-02,2.013249E+02,6.701227E+02,1.908109E-02,0.000000E+00,1.908109E-02,2.473420E+02,8.581512E+02,1.908109E-02,0.000000E+00,1.908109E-02,2.435072E+02,8.417304E+02,5.497888E-02,4.253942E+02,1.908109E-02,0.000000E+00,0.000000E+00,2.429794E-02,0.000000E+00,1.908109E-02,8.628208E+01,2.748935E+02,4.712844E-02,2.509943E+02,1.908109E-02,0.000000E+00,0.000000E+00
06:00:00,2.544145E-02,0.000000E+00,2.544145E-02,3.932929E+02,1.008912E+03,2.544145E-02,0.000000E+00,2.544145E-02,2.629111E+02,8.730131E+02,2.544145E-02,0.000000E+00,2.544145E-02,3.114847E+02,1.067642E+03,2.544145E-02,0.000000E+00,2.544145E-02,3.165977E+02,1.089066E+03,2.694623E-02,0.000000E+00,2.544145E-02,1.585034E+02,5.036441E+02,2.544145E-02,0.000000E+00,2.544145E-02,3.758064E+02,1.351201E+03,2.544145E-02,0.000000E+00,2.544145E-02,3.323458E+02,3.251481E+02,2.544145E-02,0.000000E+00,2.544145E-02,3.846008E+02,1.073110E+03,2.544145E-02,0.000000E+00,2.544145E-02,2.721145E+02,9.078254E+02,2.544145E-02,0.000000E+00,2.544145E-02,3.334707E+02,1.160083E+03,2.544145E-02,0.000000E+00,2.544145E-02,3.283576E+02,1.138052E+03,6.763491E-02,5.233191E+02,2.544145E-02,0.000000E+00,0.000000E+00,3.067672E-02,0.000000E+00,2.544145E-02,1.150428E+02,3.665246E+02,5.825989E-02,3.102777E+02,2.544145E-02,0.000000E+00,0.000000E+00,1.908109E-02,0.000000E+00,1.908109E-02,2.949697E+02,7.566838E+02,1.908109E-02,0.000000E+00,1.908109E-02,1.971833E+02,6.547598E+02,1.908109E-02,0.000000E+00,1.908109E-02,2.336135E+02,8.007316E+02,1.908109E-02,0.000000E+00,1.908109E-02,2.374483E+02,8.167995E+02,2.111284E-02,0.000000E+00,1.908109E-02,1.188775E+02,3.777331E+02,1.908109E-02,0.000000E+00,1.908109E-02,2.818548E+02,1.013400E+03,1.908109E-02,0.000000E+00,1.908109E-02,2.492593E+02,2.438611E+02,1.908109E-02,0.000000E+00,1.908109E-02,2.884506E+02,8.048325E+02,1.908109E-02,0.000000E+00,1.908109E-02,2.040859E+02,6.808691E+02,1.908109E-02,0.000000E+00,1.908109E-02,2.501030E+02,8.700626E+02,1.908109E-02,0.000000E+00,1.908109E-02,2.462682E+02,8.535390E+02,5.499274E-02,4.255014E+02,1.908109E-02,0.000000E+00,0.000000E+00,2.429797E-02,0.000000E+00,1.908109E-02,8.628208E+01,2.748935E+02,4.714416E-02,2.510780E+02,1.908109E-02,0.000000E+00,0.000000E+00
07:00:00,2.544145E-02,0.000000E+00,1.646395E-01,2.651663E+03,6.639565E+03,2.544145E-02,0.000000E+00,1.164688E-01,1.278955E+03,4.290532E+03,2.544145E-02,0.000000E+00,1.340498E-01,1.727946E+03,5.992347E+03,2.544145E-02,0.000000E+00,1.359195E-01,1.779363E+03,6.193617E+03,2.544145E-02,0.000000E+00,2.544145E-02,1.585034E+02,5.036441E+02,2.544145E-02,0.000000E+00,2.544145E-02,3.758064E+02,1.351201E+03,2.544145E-02,0.000000E+00,2.544145E-02,3.323458E+02,3.251481E+02,2.544145E-02,0.000000E+00,1.585490E-01,2.477097E+03,6.771050E+03,2.544145E-02,0.000000E+00,1.172742E-01,1.313725E+03,4.419063E+03,2.544145E-02,0.000000E+00,1.398913E-01,1.904456E+03,6.688774E+03,2.544145E-02,0.000000E+00,1.380134E-01,1.851153E+03,6.476819E+03,4.844364E-02,3.748284E+02,2.544145E-02,0.000000E+00,0.000000E+00,2.544145E-02,0.000000E+00,2.544145E-02,1.150428E+02,3.665246E+02,4.305311E-02,2.292901E+02,2.544145E-02,0.000000E+00,0.000000E+00,1.908109E-02,0.000000E+00,1.285541E-01,2.070477E+03,5.184319E+03,1.908109E-02,0.000000E+00,8.790107E-02,9.652499E+02,3.238140E+03,1.908109E-02,0.000000E+00,1.027522E-01,1.324510E+03,4.593271E+03,1.908109E-02,0.000000E+00,1.043304E-01,1.365820E+03,4.754154E+03,1.908109E-02,0.000000E+00,1.908109E-02,1.188775E+02,3.777331E+02,1.908109E-02,0.000000E+00,1.908109E-02,2.818548E+02,1.013400E+03,1.908109E-02,0.000000E+00,1.908109E-02,2.492593E+02,2.438611E+02,1.908109E-02,0.000000E+00,1.233099E-01,1.926537E+03,5.266116E+03,1.908109E-02,0.000000E+00,8.832615E-02,9.894440E+02,3.328257E+03,1.908109E-02,0.000000E+00,1.075030E-01,1.463527E+03,5.140156E+03,1.908109E-02,0.000000E+00,1.059138E-01,1.420606E+03,4.970421E+03,3.921847E-02,3.034494E+02,1.908109E-02,0.000000E+00,0.000000E+00,1.954432E-02,0.000000E+00,1.908109E-02,8.628208E+01,2.748935E+02,3.463967E-02,1.844822E+02,1.908109E-02,0.000000E+00,0.000000E+00
08:00:00,2.544145E-02,0.000000E+00,9.708335E-02,1.716188E+03,4.073537E+03,2.544145E-02,0.000000E+00,7.385694E-02,9.271035E+02,3.195385E+03,2.544145E-02,0.000000E+00,8.198396E-02,1.185646E+03,4.236855E+03,2.544145E-02,0.000000E+00,8.292443E-02,1.215912E+03,4.362337E+03,2.544145E-02,0.000000E+00,2.544145E-02,1.585034E+02,5.036441E+02,2.544145E-02,0.000000E+00,2.544145E-02,3.758064E+02,1.351201E+03,2.544145E-02,0.000000E+00,2.544145E-02,3.323458E+02,3.251481E+02,2.544145E-02,0.000000E+00,9.351687E-02,1.576085E+03,4.113401E+03,2.544145E-02,0.000000E+00,7.368077E-02,9.160074E+02,3.147495E+03,2.544145E-02,0.000000E+00,8.408137E-02,1.248085E+03,4.196486E+03,2.544145E-02,0.000000E+00,8.312493E-02,1.217182E+03,4.127243E+03,4.845860E-02,3.749441E+02,2.544145E-02,0.000000E+00,0.000000E+00,2.544145E-02,0.000000E+00,2.544145E-02,1.150428E+02,3.665246E+02,4.306753E-02,2.293669E+02,2.544145E-02,0.000000E+00,0.000000E+00,1.908109E-02,0.000000E+00,7.740394E-02,1.368306E+03,3.247805E+03,1.908109E-02,0.000000E+00,5.642991E-02,7.083474E+02,2.441413E+03,1.908109E-02,0.000000E+00,6.372805E-02,9.216302E+02,3.293406E+03,1.908109E-02,0.000000E+00,6.457169E-02,9.468080E+02,3.396869E+03,1.908109E-02,0.000000E+00,1.908109E-02,1.188775E+02,3.777331E+02,1.908109E-02,0.000000E+00,1.908109E-02,2.818548E+02,1.013400E+03,1.908109E-02,0.000000E+00,1.908109E-02,2.492593E+02,2.438611E+02,1.908109E-02,0.000000E+00,7.411589E-02,1.249111E+03,3.260036E+03,1.908109E-02,0.000000E+00,5.620084E-02,6.986951E+02,2.400788E+03,1.908109E-02,0.000000E+00,6.557282E-02,9.733479E+02,3.272728E+03,1.908109E-02,0.000000E+00,6.471477E-02,9.476054E+02,3.213159E+03,3.923003E-02,3.035389E+02,1.908109E-02,0.000000E+00,0.000000E+00,1.954706E-02,0.000000E+00,1.908109E-02,8.628208E+01,2.748935E+02,3.465098E-02,1.845425E+02,1.908109E-02,0.000000E+00,0.000000E+00
09:00:00,2.544145E-02,0.000000E+00,1.079988E-01,2.098845E+03,4.728442E+03,2.544145E-02,0.000000E+00,8.551057E-02,1.223587E+03,4.359321E+03,2.544145E-02,0.000000E+00,9.293605E-02,1.507276E+03,5.423889E+03,2.544145E-02,0.000000E+00,9.384160E-02,1.540822E+03,5.431088E+03,2.544145E-02,0.000000E+00,2.544145E-02,1.585034E+02,5.036441E+02,2.544145E-02,0.000000E+00,2.544145E-02,3.758064E+02,1.351201E+03,2.544145E-02,0.000000E+00,2.544145E-02,3.323458E+02,3.251481E+02,2.544145E-02,0.000000E+00,1.043029E-01,1.901247E+03,4.736964E+03,2.544145E-02,0.000000E+00,8.519740E-02,1.176300E+03,4.146652E+03,2.544145E-02,0.000000E+00,9.500087E-02,1.540764E+03,4.878099E+03,2.544145E-02,0.000000E+00,9.407155E-02,1.506786E+03,4.806036E+03,4.847306E-02,3.750560E+02,2.544145E-02,0.000000E+00,0.000000E+00,2.544145E-02,0.000000E+00,2.544145E-02,1.150428E+02,3.665246E+02,4.308202E-02,2.294441E+02,2.544145E-02,0.000000E+00,0.000000E+00,1.908109E-02,0.000000E+00,8.388039E-02,1.630129E+03,3.672481E+03,1.908109E-02,0.000000E+00,6.416078E-02,9.180886E+02,3.270910E+03,1.908109E-02,0.000000E+00,7.076966E-02,1.147772E+03,4.130225E+03,1.908109E-02,0.000000E+00,7.155877E-02,1.174951E+03,4.141468E+03,1.908109E-02,0.000000E+00,1.908109E-02,1.188775E+02,3.777331E+02,1.908109E-02,0.000000E+00,1.908109E-02,2.818548E+02,1.013400E+03,1.908109E-02,0.000000E+00,1.908109E-02,2.492593E+02,2.438611E+02,1.908109E-02,0.000000E+00,8.061617E-02,1.469482E+03,3.661222E+03,1.908109E-02,0.000000E+00,6.385794E-02,8.816710E+02,3.108037E+03,1.908109E-02,0.000000E+00,7.250112E-02,1.175853E+03,3.722783E+03,1.908109E-02,0.000000E+00,7.169320E-02,1.148342E+03,3.662745E+03,3.924107E-02,3.036243E+02,1.908109E-02,0.000000E+00,0.000000E+00,1.954932E-02,0.000000E+00,1.908109E-02,8.628208E+01,2.748935E+02,3.466200E-02,1.846012E+02,1.908109E-02,0.000000E+00,0.000000E+00
10:00:00,2.544145E-02,0.000000E+00,9.471084E-02,1.989455E+03,4.301166E+03,2.544145E-02,0.000000E+00,7.599456E-02,1.206853E+03,4.438312E+03,2.544145E-02,0.000000E+00,8.376867E-02,1.490246E+03,5.027296E+03,2.544145E-02,0.000000E+00,8.449742E-02,1.520192E+03,5.029855E+03,2.544145E-02,0.000000E+00,2.544145E-02,1.585034E+02,5.036441E+02,2.544145E-02,0.000000E+00,2.544145E-02,3.758064E+02,1.351201E+03,2.544145E-02,0.000000E+00,2.544145E-02,3.323458E+02,3.251481E+02,2.544145E-02,0.000000E+00,9.184069E-02,1.787044E+03,4.288483E+03,2.544145E-02,0.000000E+00,7.549805E-02,1.135242E+03,3.892520E+03,2.544145E-02,0.000000E+00,8.515249E-02,1.485772E+03,4.481975E+03,2.544145E-02,0.000000E+00,8.435891E-02,1.454971E+03,4.418371E+03,4.848563E-02,3.751533E+02,2.544145E-02,0.000000E+00,0.000000E+00,2.544145E-02,0.000000E+00,2.544145E-02,1.150428E+02,3.665246E+02,4.309227E-02,2.294987E+02,2.544145E-02,0.000000E+00,0.000000E+00,1.908109E-02,0.000000E+00,7.324860E-02,1.538628E+03,3.326488E+03,1.908109E-02,0.000000E+00,5.770876E-02,9.164605E+02,3.370366E+03,1.908109E-02,0.000000E+00,6.404682E-02,1.139394E+03,3.843708E+03,1.908109E-02,0.000000E+00,6.476003E-02,1.165097E+03,3.854953E+03,1.908109E-02,0.000000E+00,1.908109E-02,1.188775E+02,3.777331E+02,1.908109E-02,0.000000E+00,1.908109E-02,2.818548E+02,1.013400E+03,1.908109E-02,0.000000E+00,1.908109E-02,2.492593E+02,2.438611E+02,1.908109E-02,0.000000E+00,7.068236E-02,1.375343E+03,3.300499E+03,1.908109E-02,0.000000E+00,5.716495E-02,8.595724E+02,2.947304E+03,1.908109E-02,0.000000E+00,6.521590E-02,1.137911E+03,3.432619E+03,1.908109E-02,0.000000E+00,6.476478E-02,1.117024E+03,3.392111E+03,3.925060E-02,3.036980E+02,1.908109E-02,0.000000E+00,0.000000E+00,1.955368E-02,0.000000E+00,1.908109E-02,8.628208E+01,2.748935E+02,3.466963E-02,1.846418E+02,1.908109E-02,0.000000E+00,0.000000E+00
11:00:00,2.544145E-02,0.000000E+00,9.230479E-02,2.066914E+03,4.324765E+03,2.544145E-02,0.000000E+00,7.271453E-02,1.255597E+03,4.379814E+03,2.544145E-02,0.000000E+00,8.130065E-02,1.559080E+03,4.997724E+03,2.544145E-02,0.000000E+00,8.209085E-02,1.590731E+03,5.006236E+03,2.544145E-02,0.000000E+00,2.544145E-02,1.585034E+02,5.036441E+02,2.544145E-02,0.000000E+00,2.544145E-02,3.758064E+02,1.351201E+03,2.544145E-02,0.000000E+00,2.544145E-02,3.323458E+02,3.251481E+02,2.544145E-02,0.000000E+00,8.922224E-02,1.832922E+03,4.266934E+03,2.544145E-02,0.000000E+00,7.218596E-02,1.163779E+03,3.803799E+03,2.544145E-02,0.000000E+00,8.247774E-02,1.528610E+03,4.434836E+03,2.544145E-02,0.000000E+00,8.184065E-02,1.500355E+03,4.379392E+03,4.849757E-02,3.752456E+02,2.544145E-02,0.000000E+00,0.000000E+00,2.544145E-02,0.000000E+00,2.544145E-02,1.150428E+02,3.665246E+02,4.310199E-02,2.295504E+02,2.544145E-02,0.000000E+00,0.000000E+00,1.908109E-02,0.000000E+00,7.115183E-02,1.593251E+03,3.333684E+03,1.908109E-02,0.000000E+00,5.505769E-02,9.507082E+02,3.316290E+03,1.908109E-02,0.000000E+00,6.220238E-02,1.192838E+03,3.823712E+03,1.908109E-02,0.000000E+00,6.276207E-02,1.216184E+03,3.827488E+03,1.908109E-02,0.000000E+00,1.908109E-02,1.188775E+02,3.777331E+02,1.908109E-02,0.000000E+00,1.908109E-02,2.818548E+02,1.013400E+03,1.908109E-02,0.000000E+00,1.908109E-02,2.492593E+02,2.438611E+02,1.908109E-02,0.000000E+00,6.891002E-02,1.415641E+03,3.295530E+03,1.908109E-02,0.000000E+00,5.453250E-02,8.791703E+02,2.873560E+03,1.908109E-02,0.000000E+00,6.306506E-02,1.168823E+03,3.391014E+03,1.908109E-02,0.000000E+00,6.243025E-02,1.144511E+03,3.340718E+03,3.925956E-02,3.037674E+02,1.908109E-02,0.000000E+00,0.000000E+00,1.955786E-02,0.000000E+00,1.908109E-02,8.628208E+01,2.748935E+02,3.467665E-02,1.846792E+02,1.908109E-02,0.000000E+00,0.000000E+00
12:00:00,2.544145E-02,0.000000E+00,9.125673E-02,2.127809E+03,4.363234E+03,2.544145E-02,0.000000E+00,7.236453E-02,1.316453E+03,4.429114E+03,2.544145E-02,0.000000E+00,8.032310E-02,1.614590E+03,5.015712E+03,2.544145E-02,0.000000E+00,8.112663E-02,1.647046E+03,5.026258E+03,2.544145E-02,0.000000E+00,2.544145E-02,1.585034E+02,5.036441E+02,2.544145E-02,0.000000E+00,2.544145E-02,3.758064E+02,1.351201E+03,2.544145E-02,0.000000E+00,2.544145E-02,3.323458E+02,3.251481E+02,2.544145E-02,0.000000E+00,8.839804E-02,1.879946E+03,4.294044E+03,2.544145E-02,0.000000E+00,7.178805E-02,1.209302E+03,3.837225E+03,2.544145E-02,0.000000E+00,8.163195E-02,1.571996E+03,4.451147E+03,2.544145E-02,0.000000E+00,8.084504E-02,1.540594E+03,4.387308E+03,4.850890E-02,3.753333E+02,2.544145E-02,0.000000E+00,0.000000E+00,2.544145E-02,0.000000E+00,2.544145E-02,1.150428E+02,3.665246E+02,4.311117E-02,2.295994E+02,2.544145E-02,0.000000E+00,0.000000E+00,1.908109E-02,0.000000E+00,7.061256E-02,1.646455E+03,3.376180E+03,1.908109E-02,0.000000E+00,5.473824E-02,9.957959E+02,3.350287E+03,1.908109E-02,0.000000E+00,6.144701E-02,1.235158E+03,3.837010E+03,1.908109E-02,0.000000E+00,6.211681E-02,1.261106E+03,3.848491E+03,1.908109E-02,0.000000E+00,1.908109E-02,1.188775E+02,3.777331E+02,1.908109E-02,0.000000E+00,1.908109E-02,2.818548E+02,1.013400E+03,1.908109E-02,0.000000E+00,1.908109E-02,2.492593E+02,2.438611E+02,1.908109E-02,0.000000E+00,6.810562E-02,1.448390E+03,3.308315E+03,1.908109E-02,0.000000E+00,5.419565E-02,9.129500E+02,2.896874E+03,1.908109E-02,0.000000E+00,6.244066E-02,1.202427E+03,3.404703E+03,1.908109E-02,0.000000E+00,6.179797E-02,1.177631E+03,3.353660E+03,3.926805E-02,3.038330E+02,1.908109E-02,0.000000E+00,0.000000E+00,1.956201E-02,0.000000E+00,1.908109E-02,8.628208E+01,2.748935E+02,3.468322E-02,1.847142E+02,1.908109E-02,0.000000E+00,0.000000E+00
13:00:00,2.544145E-02,0.000000E+00,9.201509E-02,2.213544E+03,4.470133E+03,2.544145E-02,0.000000E+00,7.380556E-02,1.397253E+03,4.574741E+03,2.544145E-02,0.000000E+00,8.132134E-02,1.694799E+03,5.141287E+03,2.544145E-02,0.000000E+00,8.207537E-02,1.727008E+03,5.148833E+03,2.544145E-02,0.000000E+00,2.544145E-02,1.585034E+02,5.036441E+02,2.544145E-02,0.000000E+00,2.544145E-02,3.758064E+02,1.351201E+03,2.544145E-02,0.000000E+00,2.544145E-02,3.323458E+02,3.251481E+02,2.544145E-02,0.000000E+00,8.904904E-02,1.945332E+03,4.379279E+03,2.544145E-02,0.000000E+00,7.306768E-02,1.273149E+03,3.949916E+03,2.544145E-02,0.000000E+00,8.231644E-02,1.632821E+03,4.538315E+03,2.544145E-02,0.000000E+00,8.160511E-02,1.602311E+03,4.477970E+03,4.851993E-02,3.754187E+02,2.544145E-02,0.000000E+00,0.000000E+00,2.544145E-02,0.000000E+00,2.544145E-02,1.150428E+02,3.665246E+02,4.312065E-02,2.296498E+02,2.544145E-02,0.000000E+00,0.000000E+00,1.908109E-02,0.000000E+00,7.113973E-02,1.711360E+03,3.455999E+03,1.908109E-02,0.000000E+00,5.581713E-02,1.056704E+03,3.459752E+03,1.908109E-02,0.000000E+00,6.214618E-02,1.295174E+03,3.928998E+03,1.908109E-02,0.000000E+00,6.277249E-02,1.320842E+03,3.937906E+03,1.908109E-02,0.000000E+00,1.908109E-02,1.188775E+02,3.777331E+02,1.908109E-02,0.000000E+00,1.908109E-02,2.818548E+02,1.013400E+03,1.908109E-02,0.000000E+00,1.908109E-02,2.492593E+02,2.438611E+02,1.908109E-02,0.000000E+00,6.862646E-02,1.499188E+03,3.374931E+03,1.908109E-02,0.000000E+00,5.516833E-02,9.612667E+02,2.982307E+03,1.908109E-02,0.000000E+00,6.295903E-02,1.248849E+03,3.471092E+03,1.908109E-02,0.000000E+00,6.229875E-02,1.223232E+03,3.418560E+03,3.927633E-02,3.038971E+02,1.908109E-02,0.000000E+00,0.000000E+00,1.956567E-02,0.000000E+00,1.908109E-02,8.628208E+01,2.748935E+02,3.469010E-02,1.847508E+02,1.908109E-02,0.000000E+00,0.000000E+00
14:00:00,2.544145E-02,0.000000E+00,9.370745E-02,2.297571E+03,4.597311E+03,2.544145E-02,0.000000E+00,7.620550E-02,1.477912E+03,4.760555E+03,2.544145E-02,0.000000E+00,8.325420E-02,1.773564E+03,5.303954E+03,2.544145E-02,0.000000E+00,8.392224E-02,1.804662E+03,5.305461E+03,2.544145E-02,0.000000E+00,2.544145E-02,1.585034E+02,5.036441E+02,2.544145E-02,0.000000E+00,2.544145E-02,3.758064E+02,1.351201E+03,2.544145E-02,0.000000E+00,2.544145E-02,3.323458E+02,3.251481E+02,2.544145E-02,0.000000E+00,9.060999E-02,2.012210E+03,4.490141E+03,2.544145E-02,0.000000E+00,7.520486E-02,1.337593E+03,4.093940E+03,2.544145E-02,0.000000E+00,8.398484E-02,1.696297E+03,4.662086E+03,2.544145E-02,0.000000E+00,8.323801E-02,1.664484E+03,4.599074E+03,4.853076E-02,3.755025E+02,2.544145E-02,0.000000E+00,0.000000E+00,2.544145E-02,0.000000E+00,2.544145E-02,1.150428E+02,3.665246E+02,4.313071E-02,2.297034E+02,2.544145E-02,0.000000E+00,0.000000E+00,1.908109E-02,0.000000E+00,7.241365E-02,1.775478E+03,3.552632E+03,1.908109E-02,0.000000E+00,5.764705E-02,1.117994E+03,3.601209E+03,1.908109E-02,0.000000E+00,6.354613E-02,1.353723E+03,4.048393E+03,1.908109E-02,0.000000E+00,6.413271E-02,1.379108E+03,4.054391E+03,1.908109E-02,0.000000E+00,1.908109E-02,1.188775E+02,3.777331E+02,1.908109E-02,0.000000E+00,1.908109E-02,2.818548E+02,1.013400E+03,1.908109E-02,0.000000E+00,1.908109E-02,2.492593E+02,2.438611E+02,1.908109E-02,0.000000E+00,6.977860E-02,1.549599E+03,3.457849E+03,1.908109E-02,0.000000E+00,5.680747E-02,1.010378E+03,3.092438E+03,1.908109E-02,0.000000E+00,6.424112E-02,1.297520E+03,3.566092E+03,1.908109E-02,0.000000E+00,6.362681E-02,1.272325E+03,3.515514E+03,3.928448E-02,3.039602E+02,1.908109E-02,0.000000E+00,0.000000E+00,1.956858E-02,0.000000E+00,1.908109E-02,8.628208E+01,2.748935E+02,3.469754E-02,1.847904E+02,1.908109E-02,0.000000E+00,0.000000E+00
15:00:00,2.544145E-02,0.000000E+00,9.574953E-02,2.347640E+03,4.697496E+03,2.544145E-02,0.000000E+00,7.879808E-02,1.528192E+03,4.922513E+03,2.544145E-02,0.000000E+00,8.546247E-02,1.820607E+03,5.444638E+03,2.544145E-02,0.000000E+00,8.618274E-02,1.853271E+03,5.448368E+03,2.544145E-02,0.000000E+00,2.544145E-02,1.585034E+02,5.036441E+02,2.544145E-02,0.000000E+00,2.544145E-02,3.758064E+02,1.351201E+03,2.544145E-02,0.000000E+00,2.544145E-02,3.323458E+02,3.251481E+02,2.544145E-02,0.000000E+00,9.243423E-02,2.052722E+03,4.580540E+03,2.544145E-02,0.000000E+00,7.749393E-02,1.378307E+03,4.218551E+03,2.544145E-02,0.000000E+00,8.596055E-02,1.736202E+03,4.771760E+03,2.544145E-02,0.000000E+00,8.526607E-02,1.705039E+03,4.711129E+03,4.854133E-02,3.755842E+02,2.544145E-02,0.000000E+00,0.000000E+00,2.544145E-02,0.000000E+00,2.544145E-02,1.150428E+02,3.665246E+02,4.314116E-02,2.297590E+02,2.544145E-02,0.000000E+00,0.000000E+00,1.908109E-02,0.000000E+00,7.390204E-02,1.811971E+03,3.625653E+03,1.908109E-02,0.000000E+00,5.962759E-02,1.156404E+03,3.724934E+03,1.908109E-02,0.000000E+00,6.526430E-02,1.390325E+03,4.157854E+03,1.908109E-02,0.000000E+00,6.585771E-02,1.416202E+03,4.163444E+03,1.908109E-02,0.000000E+00,1.908109E-02,1.188775E+02,3.777331E+02,1.908109E-02,0.000000E+00,1.908109E-02,2.818548E+02,1.013400E+03,1.908109E-02,0.000000E+00,1.908109E-02,2.492593E+02,2.438611E+02,1.908109E-02,0.000000E+00,7.113335E-02,1.579685E+03,3.524984E+03,1.908109E-02,0.000000E+00,5.855538E-02,1.041466E+03,3.187590E+03,1.908109E-02,0.000000E+00,6.568722E-02,1.326728E+03,3.646366E+03,1.908109E-02,0.000000E+00,6.512114E-02,1.302207E+03,3.598079E+03,3.929244E-02,3.040218E+02,1.908109E-02,0.000000E+00,0.000000E+00,1.957077E-02,0.000000E+00,1.908109E-02,8.628208E+01,2.748935E+02,3.470535E-02,1.848320E+02,1.908109E-02,0.000000E+00,0.000000E+00
16:00:00,2.544145E-02,0.000000E+00,9.758927E-02,2.338616E+03,4.731563E+03,2.544145E-02,0.000000E+00,8.112337E-02,1.528290E+03,5.020434E+03,2.544145E-02,0.000000E+00,8.758155E-02,1.817170E+03,5.528557E+03,2.544145E-02,0.000000E+00,8.822637E-02,1.848280E+03,5.526131E+03,2.544145E-02,0.000000E+00,2.544145E-02,1.585034E+02,5.036441E+02,2.544145E-02,0.000000E+00,2.544145E-02,3.758064E+02,1.351201E+03,2.544145E-02,0.000000E+00,2.544145E-02,3.323458E+02,3.251481E+02,2.544145E-02,0.000000E+00,9.414618E-02,2.049871E+03,4.622863E+03,2.544145E-02,0.000000E+00,7.950888E-02,1.379630E+03,4.292092E+03,2.544145E-02,0.000000E+00,8.768783E-02,1.733024E+03,4.827818E+03,2.544145E-02,0.000000E+00,8.699985E-02,1.701942E+03,4.767412E+03,4.855155E-02,3.756633E+02,2.544145E-02,0.000000E+00,0.000000E+00,2.544145E-02,0.000000E+00,2.544145E-02,1.150428E+02,3.665246E+02,4.315167E-02,2.298151E+02,2.544145E-02,0.000000E+00,0.000000E+00,1.908109E-02,0.000000E+00,7.519311E-02,1.801918E+03,3.645697E+03,1.908109E-02,0.000000E+00,6.139044E-02,1.156540E+03,3.799234E+03,1.908109E-02,0.000000E+00,6.679070E-02,1.385795E+03,4.216142E+03,1.908109E-02,0.000000E+00,6.728493E-02,1.409572E+03,4.214446E+03,1.908109E-02,0.000000E+00,1.908109E-02,1.188775E+02,3.777331E+02,1.908109E-02,0.000000E+00,1.908109E-02,2.818548E+02,1.013400E+03,1.908109E-02,0.000000E+00,1.908109E-02,2.492593E+02,2.438611E+02,1.908109E-02,0.000000E+00,7.238816E-02,1.576127E+03,3.554478E+03,1.908109E-02,0.000000E+00,6.006810E-02,1.042295E+03,3.242628E+03,1.908109E-02,0.000000E+00,6.690430E-02,1.322267E+03,3.683542E+03,1.908109E-02,0.000000E+00,6.637325E-02,1.298432E+03,3.637117E+03,3.930015E-02,3.040814E+02,1.908109E-02,0.000000E+00,0.000000E+00,1.957239E-02,0.000000E+00,1.908109E-02,8.628208E+01,2.748935E+02,3.471324E-02,1.848740E+02,1.908109E-02,0.000000E+00,0.000000E+00
17:00:00,2.544145E-02,0.000000E+00,9.943129E-02,2.309221E+03,4.744539E+03,2.544145E-02,0.000000E+00,8.332876E-02,1.508210E+03,5.092082E+03,2.544145E-02,0.000000E+00,8.944029E-02,1.789588E+03,5.576333E+03,2.544145E-02,0.000000E+00,9.007283E-02,1.820346E+03,5.571773E+03,2.544145E-02,0.000000E+00,2.544145E-02,1.585034E+02,5.036441E+02,2.544145E-02,0.000000E+00,2.544145E-02,3.758064E+02,1.351201E+03,2.544145E-02,0.000000E+00,2.544145E-02,3.323458E+02,3.251481E+02,2.544145E-02,0.000000E+00,9.559800E-02,2.026150E+03,4.636597E+03,2.544145E-02,0.000000E+00,8.158300E-02,1.368400E+03,4.354604E+03,2.544145E-02,0.000000E+00,8.945887E-02,1.716247E+03,4.871155E+03,2.544145E-02,0.000000E+00,8.877225E-02,1.685234E+03,4.810783E+03,4.856136E-02,3.757392E+02,2.544145E-02,0.000000E+00,0.000000E+00,2.544145E-02,0.000000E+00,2.544145E-02,1.150428E+02,3.665246E+02,4.316202E-02,2.298702E+02,2.544145E-02,0.000000E+00,0.000000E+00,1.908109E-02,0.000000E+00,7.690669E-02,1.786103E+03,3.669738E+03,1.908109E-02,0.000000E+00,6.306886E-02,1.141516E+03,3.854033E+03,1.908109E-02,0.000000E+00,6.814175E-02,1.363431E+03,4.248433E+03,1.908109E-02,0.000000E+00,6.857717E-02,1.385925E+03,4.242083E+03,1.908109E-02,0.000000E+00,1.908109E-02,1.188775E+02,3.777331E+02,1.908109E-02,0.000000E+00,1.908109E-02,2.818548E+02,1.013400E+03,1.908109E-02,0.000000E+00,1.908109E-02,2.492593E+02,2.438611E+02,1.908109E-02,0.000000E+00,7.363899E-02,1.560740E+03,3.571563E+03,1.908109E-02,0.000000E+00,6.167531E-02,1.034486E+03,3.292004E+03,1.908109E-02,0.000000E+00,6.828619E-02,1.310054E+03,3.718274E+03,1.908109E-02,0.000000E+00,6.771267E-02,1.285443E+03,3.669513E+03,3.930754E-02,3.041386E+02,1.908109E-02,0.000000E+00,0.000000E+00,1.957362E-02,0.000000E+00,1.908109E-02,8.628208E+01,2.748935E+02,3.472100E-02,1.849154E+02,1.908109E-02,0.000000E+00,0.000000E+00
18:00:00,2.544145E-02,0.000000E+00,1.016436E-01,2.266635E+03,4.752563E+03,2.544145E-02,0.000000E+00,8.519635E-02,1.463251E+03,5.123346E+03,2.544145E-02,0.000000E+00,9.111287E-02,1.738823E+03,5.592046E+03,2.544145E-02,0.000000E+00,9.176613E-02,1.769732E+03,5.587359E+03,2.544145E-02,0.000000E+00,2.544145E-02,1.585034E+02,5.036441E+02,2.544145E-02,0.000000E+00,2.544145E-02,3.758064E+02,1.351201E+03,2.544145E-02,0.000000E+00,2.544145E-02,3.323458E+02,3.251481E+02,2.544145E-02,0.000000E+00,9.751207E-02,1.996167E+03,4.656047E+03,2.544145E-02,0.000000E+00,8.338796E-02,1.338344E+03,4.387763E+03,2.544145E-02,0.000000E+00,9.108482E-02,1.681541E+03,4.890745E+03,2.544145E-02,0.000000E+00,9.048001E-02,1.652191E+03,4.834846E+03,4.857076E-02,3.758119E+02,2.544145E-02,0.000000E+00,0.000000E+00,2.544145E-02,0.000000E+00,2.544145E-02,1.150428E+02,3.665246E+02,4.317208E-02,2.299237E+02,2.544145E-02,0.000000E+00,0.000000E+00,1.908109E-02,0.000000E+00,7.865407E-02,1.753972E+03,3.677638E+03,1.908109E-02,0.000000E+00,6.443912E-02,1.106745E+03,3.875094E+03,1.908109E-02,0.000000E+00,6.934286E-02,1.323358E+03,4.255913E+03,1.908109E-02,0.000000E+00,6.977340E-02,1.345597E+03,4.248289E+03,1.908109E-02,0.000000E+00,1.908109E-02,1.188775E+02,3.777331E+02,1.908109E-02,0.000000E+00,1.908109E-02,2.818548E+02,1.013400E+03,1.908109E-02,0.000000E+00,1.908109E-02,2.492593E+02,2.438611E+02,1.908109E-02,0.000000E+00,7.513917E-02,1.538172E+03,3.587777E+03,1.908109E-02,0.000000E+00,6.301692E-02,1.011396E+03,3.315866E+03,1.908109E-02,0.000000E+00,6.940030E-02,1.281217E+03,3.726408E+03,1.908109E-02,0.000000E+00,6.886230E-02,1.257446E+03,3.679692E+03,3.931460E-02,3.041933E+02,1.908109E-02,0.000000E+00,0.000000E+00,1.957457E-02,0.000000E+00,1.908109E-02,8.628208E+01,2.748935E+02,3.472855E-02,1.849556E+02,1.908109E-02,0.000000E+00,0.000000E+00
19:00:00,2.544145E-02,0.000000E+00,1.033398E-01,2.161158E+03,4.683126E+03,2.544145E-02,0.000000E+00,8.633861E-02,1.363143E+03,5.003494E+03,2.544145E-02,0.000000E+00,9.223528E-02,1.632340E+03,5.526444E+03,2.544145E-02,0.000000E+00,9.293001E-02,1.663312E+03,5.522791E+03,2.703339E-02,0.000000E+00,2.544145E-02,1.585034E+02,5.036441E+02,2.544145E-02,0.000000E+00,2.544145E-02,3.758064E+02,1.351201E+03,2.544145E-02,0.000000E+00,2.544145E-02,3.323458E+02,3.251481E+02,2.544145E-02,0.000000E+00,9.910106E-02,1.921147E+03,4.620047E+03,2.544145E-02,0.000000E+00,8.439064E-02,1.262851E+03,4.344609E+03,2.544145E-02,0.000000E+00,9.219624E-02,1.602003E+03,4.845743E+03,2.544145E-02,0.000000E+00,9.149496E-02,1.571430E+03,4.785203E+03,6.778915E-02,5.245125E+02,2.544145E-02,0.000000E+00,0.000000E+00,3.071675E-02,0.000000E+00,2.544145E-02,1.150428E+02,3.665246E+02,5.841071E-02,3.110809E+02,2.544145E-02,0.000000E+00,0.000000E+00,1.908109E-02,0.000000E+00,7.996689E-02,1.672357E+03,3.623918E+03,1.908109E-02,0.000000E+00,6.525090E-02,1.030203E+03,3.781419E+03,1.908109E-02,0.000000E+00,7.033623E-02,1.244780E+03,4.214323E+03,1.908109E-02,0.000000E+00,7.098303E-02,1.270493E+03,4.218492E+03,2.117965E-02,0.000000E+00,1.908109E-02,1.188775E+02,3.777331E+02,1.908109E-02,0.000000E+00,1.908109E-02,2.818548E+02,1.013400E+03,1.908109E-02,0.000000E+00,1.908109E-02,2.492593E+02,2.438611E+02,1.908109E-02,0.000000E+00,7.638021E-02,1.480686E+03,3.560811E+03,1.908109E-02,0.000000E+00,6.372796E-02,9.536478E+02,3.280851E+03,1.908109E-02,0.000000E+00,7.039192E-02,1.223131E+03,3.699730E+03,1.908109E-02,0.000000E+00,6.978444E-02,1.198551E+03,3.649739E+03,5.510965E-02,4.264060E+02,1.908109E-02,0.000000E+00,0.000000E+00,2.432819E-02,0.000000E+00,1.908109E-02,8.628208E+01,2.748935E+02,4.725760E-02,2.516822E+02,1.908109E-02,0.000000E+00,0.000000E+00
20:00:00,2.544145E-02,0.000000E+00,1.047558E-01,2.084242E+03,4.636715E+03,2.544145E-02,0.000000E+00,8.711406E-02,1.286799E+03,4.626646E+03,2.544145E-02,0.000000E+00,9.356260E-02,1.560685E+03,5.505930E+03,2.544145E-02,0.000000E+00,9.427044E-02,1.591438E+03,5.501701E+03,2.703592E-02,0.000000E+00,2.544145E-02,1.585034E+02,5.036441E+02,2.544145E-02,0.000000E+00,2.544145E-02,3.758064E+02,1.351201E+03,2.544145E-02,0.000000E+00,2.544145E-02,3.323458E+02,3.251481E+02,2.544145E-02,0.000000E+00,1.005765E-01,1.869705E+03,4.605574E+03,2.544145E-02,0.000000E+00,8.567123E-02,1.213833E+03,4.309055E+03,2.544145E-02,0.000000E+00,9.358433E-02,1.551644E+03,4.840780E+03,2.544145E-02,0.000000E+00,9.287029E-02,1.521141E+03,4.779811E+03,6.779808E-02,5.245816E+02,2.544145E-02,0.000000E+00,0.000000E+00,3.071606E-02,0.000000E+00,2.544145E-02,1.150428E+02,3.665246E+02,5.842138E-02,3.111377E+02,2.544145E-02,0.000000E+00,0.000000E+00,1.908109E-02,0.000000E+00,8.106376E-02,1.612861E+03,3.588056E+03,1.908109E-02,0.000000E+00,6.571067E-02,9.706399E+02,3.489907E+03,1.908109E-02,0.000000E+00,7.138338E-02,1.190721E+03,4.200737E+03,1.908109E-02,0.000000E+00,7.201911E-02,1.215800E+03,4.203095E+03,2.118152E-02,0.000000E+00,1.908109E-02,1.188775E+02,3.777331E+02,1.908109E-02,0.000000E+00,1.908109E-02,2.818548E+02,1.013400E+03,1.908109E-02,0.000000E+00,1.908109E-02,2.492593E+02,2.438611E+02,1.908109E-02,0.000000E+00,7.752644E-02,1.441208E+03,3.550072E+03,1.908109E-02,0.000000E+00,6.466236E-02,9.161690E+02,3.252360E+03,1.908109E-02,0.000000E+00,7.147812E-02,1.185119E+03,3.697306E+03,1.908109E-02,0.000000E+00,7.085984E-02,1.160627E+03,3.646986E+03,5.511631E-02,4.264575E+02,1.908109E-02,0.000000E+00,0.000000E+00,2.432762E-02,0.000000E+00,1.908109E-02,8.628208E+01,2.748935E+02,4.726551E-02,2.517243E+02,1.908109E-02,0.000000E+00,0.000000E+00
21:00:00,2.544145E-02,0.000000E+00,1.052904E-01,2.007275E+03,4.569450E+03,2.544145E-02,0.000000E+00,8.748042E-02,1.219424E+03,4.313342E+03,2.544145E-02,0.000000E+00,9.411385E-02,1.491576E+03,5.456034E+03,2.544145E-02,0.000000E+00,9.482342E-02,1.521878E+03,5.451058E+03,2.703202E-02,0.000000E+00,2.544145E-02,1.585034E+02,5.036441E+02,2.544145E-02,0.000000E+00,2.544145E-02,3.758064E+02,1.351201E+03,2.544145E-02,0.000000E+00,2.544145E-02,3.323458E+02,3.251481E+02,2.544145E-02,0.000000E+00,1.013546E-01,1.818173E+03,4.572558E+03,2.544145E-02,0.000000E+00,8.623950E-02,1.165730E+03,4.086738E+03,2.544145E-02,0.000000E+00,9.434732E-02,1.502860E+03,4.815976E+03,2.544145E-02,0.000000E+00,9.363005E-02,1.472618E+03,4.755134E+03,6.780726E-02,5.246526E+02,2.544145E-02,0.000000E+00,0.000000E+00,3.071168E-02,0.000000E+00,2.544145E-02,1.150428E+02,3.665246E+02,5.843417E-02,3.112058E+02,2.544145E-02,0.000000E+00,0.000000E+00,1.908109E-02,0.000000E+00,8.147180E-02,1.553193E+03,3.535756E+03,1.908109E-02,0.000000E+00,6.611407E-02,9.215904E+02,3.259845E+03,1.908109E-02,0.000000E+00,7.181823E-02,1.138220E+03,4.163497E+03,1.908109E-02,0.000000E+00,7.244157E-02,1.162658E+03,4.164406E+03,2.117867E-02,0.000000E+00,1.908109E-02,1.188775E+02,3.777331E+02,1.908109E-02,0.000000E+00,1.908109E-02,2.818548E+02,1.013400E+03,1.908109E-02,0.000000E+00,1.908109E-02,2.492593E+02,2.438611E+02,1.908109E-02,0.000000E+00,7.812062E-02,1.401385E+03,3.524371E+03,1.908109E-02,0.000000E+00,6.501894E-02,8.788843E+02,3.081133E+03,1.908109E-02,0.000000E+00,7.206714E-02,1.147959E+03,3.678680E+03,1.908109E-02,0.000000E+00,7.144770E-02,1.123733E+03,3.628572E+03,5.512311E-02,4.265102E+02,1.908109E-02,0.000000E+00,0.000000E+00,2.432432E-02,0.000000E+00,1.908109E-02,8.628208E+01,2.748935E+02,4.727495E-02,2.517746E+02,1.908109E-02,0.000000E+00,0.000000E+00
22:00:00,2.544145E-02,0.000000E+00,1.046803E-01,1.908548E+03,4.452567E+03,2.544145E-02,0.000000E+00,8.700760E-02,1.140441E+03,3.970841E+03,2.544145E-02,0.000000E+00,9.358847E-02,1.405381E+03,5.077909E+03,2.544145E-02,0.000000E+00,9.429296E-02,1.434911E+03,5.205706E+03,2.702915E-02,0.000000E+00,2.544145E-02,1.585034E+02,5.036441E+02,2.544145E-02,0.000000E+00,2.544145E-02,3.758064E+02,1.351201E+03,2.544145E-02,0.000000E+00,2.544145E-02,3.323458E+02,3.251481E+02,2.544145E-02,0.000000E+00,1.010720E-01,1.747290E+03,4.491353E+03,2.544145E-02,0.000000E+00,8.594292E-02,1.105760E+03,3.829608E+03,2.544145E-02,0.000000E+00,9.410503E-02,1.437724E+03,4.739503E+03,2.544145E-02,0.000000E+00,9.339129E-02,1.408051E+03,4.679389E+03,6.781628E-02,5.247224E+02,2.544145E-02,0.000000E+00,0.000000E+00,3.070745E-02,0.000000E+00,2.544145E-02,1.150428E+02,3.665246E+02,5.844704E-02,3.112744E+02,2.544145E-02,0.000000E+00,0.000000E+00,1.908109E-02,0.000000E+00,8.098024E-02,1.476444E+03,3.444486E+03,1.908109E-02,0.000000E+00,6.574702E-02,8.617708E+02,3.000553E+03,1.908109E-02,0.000000E+00,7.140411E-02,1.072247E+03,3.874233E+03,1.908109E-02,0.000000E+00,7.201761E-02,1.095934E+03,3.975933E+03,2.117649E-02,0.000000E+00,1.908109E-02,1.188775E+02,3.777331E+02,1.908109E-02,0.000000E+00,1.908109E-02,2.818548E+02,1.013400E+03,1.908109E-02,0.000000E+00,1.908109E-02,2.492593E+02,2.438611E+02,1.908109E-02,0.000000E+00,7.787988E-02,1.346355E+03,3.460763E+03,1.908109E-02,0.000000E+00,6.480957E-02,8.338535E+02,2.887908E+03,1.908109E-02,0.000000E+00,7.186475E-02,1.097940E+03,3.619394E+03,1.908109E-02,0.000000E+00,7.124977E-02,1.074226E+03,3.569984E+03,5.512990E-02,4.265627E+02,1.908109E-02,0.000000E+00,0.000000E+00,2.432102E-02,0.000000E+00,1.908109E-02,8.628208E+01,2.748935E+02,4.728473E-02,2.518267E+02,1.908109E-02,0.000000E+00,0.000000E+00
23:00:00,2.544145E-02,0.000000E+00,2.544145E-02,4.473886E+02,1.065060E+03,2.544145E-02,0.000000E+00,2.544145E-02,3.170068E+02,1.090788E+03,2.544145E-02,0.000000E+00,2.544145E-02,3.655804E+02,1.304010E+03,2.544145E-02,0.000000E+00,2.544145E-02,3.706934E+02,1.327502E+03,2.702563E-02,0.000000E+00,2.544145E-02,1.585034E+02,5.036441E+02,2.544145E-02,0.000000E+00,2.544145E-02,3.758064E+02,1.351201E+03,2.544145E-02,0.000000E+00,2.544145E-02,3.323458E+02,3.251481E+02,2.544145E-02,0.000000E+00,2.544145E-02,4.269365E+02,1.117145E+03,2.544145E-02,0.000000E+00,2.544145E-02,3.144502E+02,1.079083E+03,2.544145E-02,0.000000E+00,2.544145E-02,3.758064E+02,1.267853E+03,2.544145E-02,0.000000E+00,2.544145E-02,3.706934E+02,1.261270E+03,6.782554E-02,5.247941E+02,2.544145E-02,0.000000E+00,0.000000E+00,3.070295E-02,0.000000E+00,2.544145E-02,1.150428E+02,3.665246E+02,5.846109E-02,3.113492E+02,2.544145E-02,0.000000E+00,0.000000E+00,1.908109E-02,0.000000E+00,1.908109E-02,3.355414E+02,7.987954E+02,1.908109E-02,0.000000E+00,1.908109E-02,2.377551E+02,8.180910E+02,1.908109E-02,0.000000E+00,1.908109E-02,2.741853E+02,9.780075E+02,1.908109E-02,0.000000E+00,1.908109E-02,2.780200E+02,9.956262E+02,2.117353E-02,0.000000E+00,1.908109E-02,1.188775E+02,3.777331E+02,1.908109E-02,0.000000E+00,1.908109E-02,2.818548E+02,1.013400E+03,1.908109E-02,0.000000E+00,1.908109E-02,2.492593E+02,2.438611E+02,1.908109E-02,0.000000E+00,1.908109E-02,3.202024E+02,8.378585E+02,1.908109E-02,0.000000E+00,1.908109E-02,2.358377E+02,8.093119E+02,1.908109E-02,0.000000E+00,1.908109E-02,2.818548E+02,9.508897E+02,1.908109E-02,0.000000E+00,1.908109E-02,2.780200E+02,9.459525E+02,5.513703E-02,4.266178E+02,1.908109E-02,0.000000E+00,0.000000E+00,2.431727E-02,0.000000E+00,1.908109E-02,8.628208E+01,2.748935E+02,4.729585E-02,2.518859E+02,1.908109E-02,0.000000E+00,0.000000E+00
24:00:00,2.544145E-02,0.000000E+00,2.544145E-02,4.309247E+02,1.047972E+03,2.544145E-02,0.000000E+00,2.544145E-02,3.005429E+02,1.022410E+03,2.544145E-02,0.000000E+00,2.544145E-02,3.491165E+02,1.229752E+03,2.544145E-02,0.000000E+00,2.544145E-02,3.542295E+02,1.252590E+03,2.702178E-02,0.000000E+00,2.544145E-02,1.585034E+02,5.036441E+02,2.544145E-02,0.000000E+00,2.544145E-02,3.758064E+02,1.351201E+03,2.544145E-02,0.000000E+00,2.544145E-02,3.323458E+02,3.251481E+02,2.544145E-02,0.000000E+00,2.544145E-02,4.140517E+02,1.103742E+03,2.544145E-02,0.000000E+00,2.544145E-02,3.015655E+02,1.025670E+03,2.544145E-02,0.000000E+00,2.544145E-02,3.629216E+02,1.254373E+03,2.544145E-02,0.000000E+00,2.544145E-02,3.578086E+02,1.247791E+03,6.783458E-02,5.248640E+02,2.544145E-02,0.000000E+00,0.000000E+00,3.069826E-02,0.000000E+00,2.544145E-02,1.150428E+02,3.665246E+02,5.847515E-02,3.114241E+02,2.544145E-02,0.000000E+00,0.000000E+00,1.908109E-02,0.000000E+00,1.908109E-02,3.231935E+02,7.859788E+02,1.908109E-02,0.000000E+00,1.908109E-02,2.254071E+02,7.668074E+02,1.908109E-02,0.000000E+00,1.908109E-02,2.618374E+02,9.223141E+02,1.908109E-02,0.000000E+00,1.908109E-02,2.656721E+02,9.394424E+02,2.117023E-02,0.000000E+00,1.908109E-02,1.188775E+02,3.777331E+02,1.908109E-02,0.000000E+00,1.908109E-02,2.818548E+02,1.013400E+03,1.908109E-02,0.000000E+00,1.908109E-02,2.492593E+02,2.438611E+02,1.908109E-02,0.000000E+00,1.908109E-02,3.105388E+02,8.278068E+02,1.908109E-02,0.000000E+00,1.908109E-02,2.261741E+02,7.692523E+02,1.908109E-02,0.000000E+00,1.908109E-02,2.721912E+02,9.407797E+02,1.908109E-02,0.000000E+00,1.908109E-02,2.683564E+02,9.358433E+02,5.514398E-02,4.266717E+02,1.908109E-02,0.000000E+00,0.000000E+00,2.431332E-02,0.000000E+00,1.908109E-02,8.628208E+01,2.748935E+02,4.730702E-02,2.519454E+02,1.908109E-02,0.000000E+00,0.000000E+00
Coinc Peak   ,6.783458E-02,1.646395E-01,5.248640E+02,2.651663E+03,5.514398E-02,1.285541E-01,4.266717E+02,2.070477E+03
NonCoinc Peak,6.783458E-02,1.646395E-01,5.248640E+02,2.651663E+03,5.514398E-02,1.285541E-01,4.266717E+02,2.070477E+03
