Time,THERMAL ZONE 1:TAIPEI ANN HTG 99.6% CONDNS DB:Des Heat Load [W],THERMAL ZONE 1:TAIPEI ANN CLG .4% CONDNS DB=>MWB:Des Sens Cool Load [W],THERMAL ZONE 1:TAIPEI ANN HTG 99.6% CONDNS DB:Des Heat Mass Flow [kg/s],THERMAL ZONE 1:TAIPEI ANN CLG .4% CONDNS DB=>MWB:Des Cool Mass Flow [kg/s],THERMAL ZONE 1::Des Latent Heat Load [W],THERMAL ZONE 1::Des Latent Cool Load [W],THERMAL ZONE 1::Des Latent Heat Mass Flow [kg/s],THERMAL ZONE 1::Des Latent Cool Mass Flow [kg/s],THERMAL ZONE 1::Des Heat Load No DOAS [W],THERMAL ZONE 1::Des Sens Cool Load No DOAS [W],THERMAL ZONE 1::Des Latent Heat Load No DOAS [W],THERMAL ZONE 1::Des Latent Cool Load No DOAS [W],THERMAL ZONE 1:TAIPEI ANN HTG 99.6% CONDNS DB:Heating Zone Temperature [C],THERMAL ZONE 1:TAIPEI ANN HTG 99.6% CONDNS DB:Heating Zone Relative Humidity [%],THERMAL ZONE 1:TAIPEI ANN CLG .4% CONDNS DB=>MWB:Cooling Zone Temperature [C],THERMAL ZONE 1:TAIPEI ANN CLG .4% CONDNS DB=>MWB:Cooling Zone Relative Humidity [%],THERMAL ZONE 2:TAIPEI ANN HTG 99.6% CONDNS DB:Des Heat Load [W],THERMAL ZONE 2:TAIPEI ANN CLG .4% CONDNS DB=>MWB:Des Sens Cool Load [W],THERMAL ZONE 2:TAIPEI ANN HTG 99.6% CONDNS DB:Des Heat Mass Flow [kg/s],THERMAL ZONE 2:TAIPEI ANN CLG .4% CONDNS DB=>MWB:Des Cool Mass Flow [kg/s],THERMAL ZONE 2::Des Latent Heat Load [W],THERMAL ZONE 2::Des Latent Cool Load [W],THERMAL ZONE 2::Des Latent Heat Mass Flow [kg/s],THERMAL ZONE 2::Des Latent Cool Mass Flow [kg/s],THERMAL ZONE 2::Des Heat Load No DOAS [W],THERMAL ZONE 2::Des Sens Cool Load No DOAS [W],THERMAL ZONE 2::Des Latent Heat Load No DOAS [W],THERMAL ZONE 2::Des Latent Cool Load No DOAS [W],THERMAL ZONE 2:TAIPEI ANN HTG 99.6% CONDNS DB:Heating Zone Temperature [C],THERMAL ZONE 2:TAIPEI ANN HTG 99.6% CONDNS DB:Heating Zone Relative Humidity [%],THERMAL ZONE 2:TAIPEI ANN CLG .4% CONDNS DB=>MWB:Cooling Zone Temperature [C],THERMAL ZONE 2:TAIPEI ANN CLG .4% CONDNS DB=>MWB:Cooling Zone Relative Humidity [%],THERMAL ZONE 3:TAIPEI ANN HTG 99.6% CONDNS DB:Des Heat Load [W],THERMAL ZONE 3:TAIPEI ANN CLG .4% CONDNS DB=>MWB:Des Sens Cool Load [W],THERMAL ZONE 3:TAIPEI ANN HTG 99.6% CONDNS DB:Des Heat Mass Flow [kg/s],THERMAL ZONE 3:TAIPEI ANN CLG .4% CONDNS DB=>MWB:Des Cool Mass Flow [kg/s],THERMAL ZONE 3::Des Latent Heat Load [W],THERMAL ZONE 3::Des Latent Cool Load [W],THERMAL ZONE 3::Des Latent Heat Mass Flow [kg/s],THERMAL ZONE 3::Des Latent Cool Mass Flow [kg/s],THERMAL ZONE 3::Des Heat Load No DOAS [W],THERMAL ZONE 3::Des Sens Cool Load No DOAS [W],THERMAL ZONE 3::Des Latent Heat Load No DOAS [W],THERMAL ZONE 3::Des Latent Cool Load No DOAS [W],THERMAL ZONE 3:TAIPEI ANN HTG 99.6% CONDNS DB:Heating Zone Temperature [C],THERMAL ZONE 3:TAIPEI ANN HTG 99.6% CONDNS DB:Heating Zone Relative Humidity [%],THERMAL ZONE 3:TAIPEI ANN CLG .4% CONDNS DB=>MWB:Cooling Zone Temperature [C],THERMAL ZONE 3:TAIPEI ANN CLG .4% CONDNS DB=>MWB:Cooling Zone Relative Humidity [%]
00:10:00,2.805132E+03,2.555536E+02,1.447822E-01,1.972248E-02,0.000000E+00,0.000000E+00,0.000000E+00,0.000000E+00,0.000000E+00,0.000000E+00,0.000000E+00,0.000000E+00,2.099969E+01,5.025357E+01,2.669900E+01,6.397186E+01,2.079267E+03,3.514939E+03,1.073180E-01,2.712525E-01,0.000000E+00,0.000000E+00,0.000000E+00,0.000000E+00,0.000000E+00,0.000000E+00,0.000000E+00,0.000000E+00,2.099971E+01,4.992140E+01,2.669625E+01,4.743648E+01,3.331437E+03,4.359978E+03,1.719443E-01,3.365418E-01,0.000000E+00,0.000000E+00,0.000000E+00,0.000000E+00,0.000000E+00,0.000000E+00,0.000000E+00,0.000000E+00,2.099944E+01,4.949342E+01,2.669319E+01,5.087179E+01
00:20:00,2.804582E+03,3.280141E+02,1.447538E-01,2.531310E-02,0.000000E+00,0.000000E+00,0.000000E+00,0.000000E+00,0.000000E+00,0.000000E+00,0.000000E+00,0.000000E+00,2.099969E+01,5.025295E+01,2.669895E+01,6.426546E+01,2.078518E+03,3.535447E+03,1.072793E-01,2.728339E-01,0.000000E+00,0.000000E+00,0.000000E+00,0.000000E+00,0.000000E+00,0.000000E+00,0.000000E+00,0.000000E+00,2.099971E+01,4.991979E+01,2.669632E+01,4.719347E+01,3.330704E+03,4.370958E+03,1.719065E-01,3.373897E-01,0.000000E+00,0.000000E+00,0.000000E+00,0.000000E+00,0.000000E+00,0.000000E+00,0.000000E+00,0.000000E+00,2.099944E+01,4.949335E+01,2.669322E+01,5.073525E+01
00:30:00,2.804037E+03,3.774487E+02,1.447257E-01,2.912140E-02,0.000000E+00,0.000000E+00,0.000000E+00,0.000000E+00,0.000000E+00,0.000000E+00,0.000000E+00,0.000000E+00,2.099969E+01,5.025241E+01,2.669882E+01,6.443210E+01,2.077776E+03,3.553298E+03,1.072411E-01,2.742101E-01,0.000000E+00,0.000000E+00,0.000000E+00,0.000000E+00,0.000000E+00,0.000000E+00,0.000000E+00,0.000000E+00,2.099971E+01,4.991836E+01,2.669639E+01,4.691625E+01,3.329979E+03,4.379026E+03,1.718691E-01,3.380124E-01,0.000000E+00,0.000000E+00,0.000000E+00,0.000000E+00,0.000000E+00,0.000000E+00,0.000000E+00,0.000000E+00,2.099944E+01,4.949329E+01,2.669326E+01,5.056381E+01
00:40:00,2.803496E+03,4.167982E+02,1.446978E-01,3.215763E-02,0.000000E+00,0.000000E+00,0.000000E+00,0.000000E+00,0.000000E+00,0.000000E+00,0.000000E+00,0.000000E+00,2.099969E+01,5.025195E+01,2.669872E+01,6.451741E+01,2.077041E+03,3.568773E+03,1.072031E-01,2.754029E-01,0.000000E+00,0.000000E+00,0.000000E+00,0.000000E+00,0.000000E+00,0.000000E+00,0.000000E+00,0.000000E+00,2.099971E+01,4.991710E+01,2.669649E+01,4.666433E+01,3.329262E+03,4.384474E+03,1.718320E-01,3.384325E-01,0.000000E+00,0.000000E+00,0.000000E+00,0.000000E+00,0.000000E+00,0.000000E+00,0.000000E+00,0.000000E+00,2.099944E+01,4.949325E+01,2.669332E+01,5.041308E+01
00:50:00,2.802960E+03,4.521072E+02,1.446701E-01,3.488216E-02,0.000000E+00,0.000000E+00,0.000000E+00,0.000000E+00,0.000000E+00,0.000000E+00,0.000000E+00,0.000000E+00,2.099969E+01,5.025156E+01,2.669863E+01,6.454798E+01,2.076314E+03,3.582218E+03,1.071656E-01,2.764390E-01,0.000000E+00,0.000000E+00,0.000000E+00,0.000000E+00,0.000000E+00,0.000000E+00,0.000000E+00,0.000000E+00,2.099971E+01,4.991598E+01,2.669657E+01,4.645863E+01,3.328551E+03,4.387543E+03,1.717954E-01,3.386687E-01,0.000000E+00,0.000000E+00,0.000000E+00,0.000000E+00,0.000000E+00,0.000000E+00,0.000000E+00,0.000000E+00,2.099944E+01,4.949323E+01,2.669337E+01,5.030071E+01
01:00:00,2.802428E+03,4.781877E+02,1.446427E-01,3.689470E-02,0.000000E+00,0.000000E+00,0.000000E+00,0.000000E+00,0.000000E+00,0.000000E+00,0.000000E+00,0.000000E+00,2.099969E+01,5.025122E+01,2.669856E+01,6.453783E+01,2.075593E+03,3.593937E+03,1.071284E-01,2.773418E-01,0.000000E+00,0.000000E+00,0.000000E+00,0.000000E+00,0.000000E+00,0.000000E+00,0.000000E+00,0.000000E+00,2.099971E+01,4.991500E+01,2.669664E+01,4.629623E+01,3.327848E+03,4.388496E+03,1.717591E-01,3.387414E-01,0.000000E+00,0.000000E+00,0.000000E+00,0.000000E+00,0.000000E+00,0.000000E+00,0.000000E+00,0.000000E+00,2.099944E+01,4.949321E+01,2.669339E+01,5.022228E+01
01:10:00,2.802470E+03,5.070159E+02,1.446448E-01,3.911919E-02,0.000000E+00,0.000000E+00,0.000000E+00,0.000000E+00,0.000000E+00,0.000000E+00,0.000000E+00,0.000000E+00,2.099969E+01,5.025093E+01,2.669850E+01,6.449571E+01,2.075654E+03,3.612077E+03,1.071315E-01,2.787400E-01,0.000000E+00,0.000000E+00,0.000000E+00,0.000000E+00,0.000000E+00,0.000000E+00,0.000000E+00,0.000000E+00,2.099971E+01,4.991413E+01,2.669669E+01,4.616730E+01,3.327909E+03,4.395432E+03,1.717622E-01,3.392759E-01,0.000000E+00,0.000000E+00,0.000000E+00,0.000000E+00,0.000000E+00,0.000000E+00,0.000000E+00,0.000000E+00,2.099944E+01,4.949320E+01,2.669340E+01,5.016790E+01
01:20:00,2.802512E+03,5.314839E+02,1.446470E-01,4.100729E-02,0.000000E+00,0.000000E+00,0.000000E+00,0.000000E+00,0.000000E+00,0.000000E+00,0.000000E+00,0.000000E+00,2.099969E+01,5.025068E+01,2.669845E+01,6.442745E+01,2.075715E+03,3.629091E+03,1.071347E-01,2.800515E-01,0.000000E+00,0.000000E+00,0.000000E+00,0.000000E+00,0.000000E+00,0.000000E+00,0.000000E+00,0.000000E+00,2.099971E+01,4.991336E+01,2.669673E+01,4.606277E+01,3.327969E+03,4.401302E+03,1.717653E-01,3.397281E-01,0.000000E+00,0.000000E+00,0.000000E+00,0.000000E+00,0.000000E+00,0.000000E+00,0.000000E+00,0.000000E+00,2.099944E+01,4.949320E+01,2.669343E+01,5.012838E+01
01:30:00,2.802553E+03,5.523295E+02,1.446491E-01,4.261588E-02,0.000000E+00,0.000000E+00,0.000000E+00,0.000000E+00,0.000000E+00,0.000000E+00,0.000000E+00,0.000000E+00,2.099969E+01,5.025047E+01,2.669841E+01,6.433850E+01,2.075775E+03,3.645099E+03,1.071378E-01,2.812854E-01,0.000000E+00,0.000000E+00,0.000000E+00,0.000000E+00,0.000000E+00,0.000000E+00,0.000000E+00,0.000000E+00,2.099971E+01,4.991268E+01,2.669676E+01,4.597641E+01,3.328029E+03,4.406374E+03,1.717684E-01,3.401186E-01,0.000000E+00,0.000000E+00,0.000000E+00,0.000000E+00,0.000000E+00,0.000000E+00,0.000000E+00,0.000000E+00,2.099944E+01,4.949320E+01,2.669349E+01,5.009797E+01
01:40:00,2.802594E+03,5.700477E+02,1.446512E-01,4.398315E-02,0.000000E+00,0.000000E+00,0.000000E+00,0.000000E+00,0.000000E+00,0.000000E+00,0.000000E+00,0.000000E+00,2.099969E+01,5.025029E+01,2.669837E+01,6.423412E+01,2.075834E+03,3.660206E+03,1.071408E-01,2.824501E-01,0.000000E+00,0.000000E+00,0.000000E+00,0.000000E+00,0.000000E+00,0.000000E+00,0.000000E+00,0.000000E+00,2.099971E+01,4.991208E+01,2.669679E+01,4.590424E+01,3.328088E+03,4.410873E+03,1.717715E-01,3.404649E-01,0.000000E+00,0.000000E+00,0.000000E+00,0.000000E+00,0.000000E+00,0.000000E+00,0.000000E+00,0.000000E+00,2.099944E+01,4.949321E+01,2.669353E+01,5.007386E+01
01:50:00,2.802634E+03,5.851220E+02,1.446533E-01,4.514640E-02,0.000000E+00,0.000000E+00,0.000000E+00,0.000000E+00,0.000000E+00,0.000000E+00,0.000000E+00,0.000000E+00,2.099969E+01,5.025014E+01,2.669835E+01,6.411900E+01,2.075892E+03,3.674537E+03,1.071438E-01,2.835551E-01,0.000000E+00,0.000000E+00,0.000000E+00,0.000000E+00,0.000000E+00,0.000000E+00,0.000000E+00,0.000000E+00,2.099971E+01,4.991156E+01,2.669681E+01,4.584348E+01,3.328147E+03,4.415049E+03,1.717745E-01,3.407865E-01,0.000000E+00,0.000000E+00,0.000000E+00,0.000000E+00,0.000000E+00,0.000000E+00,0.000000E+00,0.000000E+00,2.099944E+01,4.949322E+01,2.669356E+01,5.005456E+01
02:00:00,2.802674E+03,5.979542E+02,1.446553E-01,4.613663E-02,0.000000E+00,0.000000E+00,0.000000E+00,0.000000E+00,0.000000E+00,0.000000E+00,0.000000E+00,0.000000E+00,2.099969E+01,5.025001E+01,2.669833E+01,6.399709E+01,2.075950E+03,3.688188E+03,1.071468E-01,2.846078E-01,0.000000E+00,0.000000E+00,0.000000E+00,0.000000E+00,0.000000E+00,0.000000E+00,0.000000E+00,0.000000E+00,2.099971E+01,4.991110E+01,2.669682E+01,4.579202E+01,3.328204E+03,4.419128E+03,1.717775E-01,3.411005E-01,0.000000E+00,0.000000E+00,0.000000E+00,0.000000E+00,0.000000E+00,0.000000E+00,0.000000E+00,0.000000E+00,2.099944E+01,4.949323E+01,2.669357E+01,5.003917E+01
02:10:00,2.802713E+03,6.087678E+02,1.446574E-01,4.697109E-02,0.000000E+00,0.000000E+00,0.000000E+00,0.000000E+00,0.000000E+00,0.000000E+00,0.000000E+00,0.000000E+00,2.099969E+01,5.024990E+01,2.669832E+01,6.387165E+01,2.076007E+03,3.701135E+03,1.071497E-01,2.856064E-01,0.000000E+00,0.000000E+00,0.000000E+00,0.000000E+00,0.000000E+00,0.000000E+00,0.000000E+00,0.000000E+00,2.099971E+01,4.991069E+01,2.669683E+01,4.574813E+01,3.328262E+03,4.422890E+03,1.717804E-01,3.413899E-01,0.000000E+00,0.000000E+00,0.000000E+00,0.000000E+00,0.000000E+00,0.000000E+00,0.000000E+00,0.000000E+00,2.099944E+01,4.949324E+01,2.669359E+01,5.002703E+01
02:20:00,2.802752E+03,6.178448E+02,1.446594E-01,4.767153E-02,0.000000E+00,0.000000E+00,0.000000E+00,0.000000E+00,0.000000E+00,0.000000E+00,0.000000E+00,0.000000E+00,2.099969E+01,5.024981E+01,2.669831E+01,6.374476E+01,2.076064E+03,3.713432E+03,1.071527E-01,2.865549E-01,0.000000E+00,0.000000E+00,0.000000E+00,0.000000E+00,0.000000E+00,0.000000E+00,0.000000E+00,0.000000E+00,2.099971E+01,4.991034E+01,2.669683E+01,4.571026E+01,3.328318E+03,4.426218E+03,1.717833E-01,3.416461E-01,0.000000E+00,0.000000E+00,0.000000E+00,0.000000E+00,0.000000E+00,0.000000E+00,0.000000E+00,0.000000E+00,2.099944E+01,4.949326E+01,2.669360E+01,5.001713E+01
02:30:00,2.802791E+03,6.254303E+02,1.446614E-01,4.825688E-02,0.000000E+00,0.000000E+00,0.000000E+00,0.000000E+00,0.000000E+00,0.000000E+00,0.000000E+00,0.000000E+00,2.099969E+01,5.024973E+01,2.669830E+01,6.361822E+01,2.076119E+03,3.725134E+03,1.071555E-01,2.874577E-01,0.000000E+00,0.000000E+00,0.000000E+00,0.000000E+00,0.000000E+00,0.000000E+00,0.000000E+00,0.000000E+00,2.099970E+01,4.991002E+01,2.669684E+01,4.567721E+01,3.328374E+03,4.429110E+03,1.717862E-01,3.418688E-01,0.000000E+00,0.000000E+00,0.000000E+00,0.000000E+00,0.000000E+00,0.000000E+00,0.000000E+00,0.000000E+00,2.099944E+01,4.949328E+01,2.669361E+01,5.000888E+01
02:40:00,2.802829E+03,6.317333E+02,1.446634E-01,4.874326E-02,0.000000E+00,0.000000E+00,0.000000E+00,0.000000E+00,0.000000E+00,0.000000E+00,0.000000E+00,0.000000E+00,2.099969E+01,5.024967E+01,2.669830E+01,6.349365E+01,2.076175E+03,3.736300E+03,1.071584E-01,2.883191E-01,0.000000E+00,0.000000E+00,0.000000E+00,0.000000E+00,0.000000E+00,0.000000E+00,0.000000E+00,0.000000E+00,2.099970E+01,4.990975E+01,2.669684E+01,4.564810E+01,3.328429E+03,4.431613E+03,1.717891E-01,3.420616E-01,0.000000E+00,0.000000E+00,0.000000E+00,0.000000E+00,0.000000E+00,0.000000E+00,0.000000E+00,0.000000E+00,2.099944E+01,4.949329E+01,2.669361E+01,5.000201E+01
02:50:00,2.802867E+03,6.369317E+02,1.446653E-01,4.914439E-02,0.000000E+00,0.000000E+00,0.000000E+00,0.000000E+00,0.000000E+00,0.000000E+00,0.000000E+00,0.000000E+00,2.099969E+01,5.024961E+01,2.669830E+01,6.337243E+01,2.076229E+03,3.746976E+03,1.071612E-01,2.891428E-01,0.000000E+00,0.000000E+00,0.000000E+00,0.000000E+00,0.000000E+00,0.000000E+00,0.000000E+00,0.000000E+00,2.099970E+01,4.990951E+01,2.669684E+01,4.562222E+01,3.328484E+03,4.433744E+03,1.717919E-01,3.422258E-01,0.000000E+00,0.000000E+00,0.000000E+00,0.000000E+00,0.000000E+00,0.000000E+00,0.000000E+00,0.000000E+00,2.099944E+01,4.949331E+01,2.669362E+01,4.999643E+01
03:00:00,2.802905E+03,6.411781E+02,1.446673E-01,4.947205E-02,0.000000E+00,0.000000E+00,0.000000E+00,0.000000E+00,0.000000E+00,0.000000E+00,0.000000E+00,0.000000E+00,2.099969E+01,5.024957E+01,2.669830E+01,6.325564E+01,2.076283E+03,3.757204E+03,1.071640E-01,2.899320E-01,0.000000E+00,0.000000E+00,0.000000E+00,0.000000E+00,0.000000E+00,0.000000E+00,0.000000E+00,0.000000E+00,2.099970E+01,4.990930E+01,2.669684E+01,4.559906E+01,3.328537E+03,4.435536E+03,1.717947E-01,3.423639E-01,0.000000E+00,0.000000E+00,0.000000E+00,0.000000E+00,0.000000E+00,0.000000E+00,0.000000E+00,0.000000E+00,2.099944E+01,4.949333E+01,2.669362E+01,4.999208E+01
03:10:00,2.802942E+03,6.444887E+02,1.446692E-01,4.972750E-02,0.000000E+00,0.000000E+00,0.000000E+00,0.000000E+00,0.000000E+00,0.000000E+00,0.000000E+00,0.000000E+00,2.099969E+01,5.024954E+01,2.669830E+01,6.314414E+01,2.076337E+03,3.766911E+03,1.071668E-01,2.906810E-01,0.000000E+00,0.000000E+00,0.000000E+00,0.000000E+00,0.000000E+00,0.000000E+00,0.000000E+00,0.000000E+00,2.099970E+01,4.990912E+01,2.669684E+01,4.557818E+01,3.328591E+03,4.436792E+03,1.717974E-01,3.424608E-01,0.000000E+00,0.000000E+00,0.000000E+00,0.000000E+00,0.000000E+00,0.000000E+00,0.000000E+00,0.000000E+00,2.099944E+01,4.949335E+01,2.669362E+01,4.998888E+01
03:20:00,2.802979E+03,6.469801E+02,1.446711E-01,4.991974E-02,0.000000E+00,0.000000E+00,0.000000E+00,0.000000E+00,0.000000E+00,0.000000E+00,0.000000E+00,0.000000E+00,2.099969E+01,5.024951E+01,2.669830E+01,6.303856E+01,2.076390E+03,3.776134E+03,1.071695E-01,2.913927E-01,0.000000E+00,0.000000E+00,0.000000E+00,0.000000E+00,0.000000E+00,0.000000E+00,0.000000E+00,0.000000E+00,2.099970E+01,4.990896E+01,2.669684E+01,4.555924E+01,3.328644E+03,4.437548E+03,1.718001E-01,3.425190E-01,0.000000E+00,0.000000E+00,0.000000E+00,0.000000E+00,0.000000E+00,0.000000E+00,0.000000E+00,0.000000E+00,2.099944E+01,4.949337E+01,2.669362E+01,4.998677E+01
03:30:00,2.803015E+03,6.487452E+02,1.446730E-01,5.005593E-02,0.000000E+00,0.000000E+00,0.000000E+00,0.000000E+00,0.000000E+00,0.000000E+00,0.000000E+00,0.000000E+00,2.099969E+01,5.024948E+01,2.669831E+01,6.293937E+01,2.076442E+03,3.784904E+03,1.071722E-01,2.920695E-01,0.000000E+00,0.000000E+00,0.000000E+00,0.000000E+00,0.000000E+00,0.000000E+00,0.000000E+00,0.000000E+00,2.099970E+01,4.990883E+01,2.669684E+01,4.554194E+01,3.328696E+03,4.437826E+03,1.718028E-01,3.425404E-01,0.000000E+00,0.000000E+00,0.000000E+00,0.000000E+00,0.000000E+00,0.000000E+00,0.000000E+00,0.000000E+00,2.099944E+01,4.949339E+01,2.669362E+01,4.998568E+01
03:40:00,2.803051E+03,6.498660E+02,1.446748E-01,5.014239E-02,0.000000E+00,0.000000E+00,0.000000E+00,0.000000E+00,0.000000E+00,0.000000E+00,0.000000E+00,0.000000E+00,2.099969E+01,5.024946E+01,2.669832E+01,6.284689E+01,2.076494E+03,3.793238E+03,1.071749E-01,2.927126E-01,0.000000E+00,0.000000E+00,0.000000E+00,0.000000E+00,0.000000E+00,0.000000E+00,0.000000E+00,0.000000E+00,2.099970E+01,4.990871E+01,2.669684E+01,4.552608E+01,3.328747E+03,4.437656E+03,1.718055E-01,3.425272E-01,0.000000E+00,0.000000E+00,0.000000E+00,0.000000E+00,0.000000E+00,0.000000E+00,0.000000E+00,0.000000E+00,2.099944E+01,4.949341E+01,2.669362E+01,4.998555E+01
03:50:00,2.803087E+03,6.504143E+02,1.446767E-01,5.018468E-02,0.000000E+00,0.000000E+00,0.000000E+00,0.000000E+00,0.000000E+00,0.000000E+00,0.000000E+00,0.000000E+00,2.099969E+01,5.024945E+01,2.669832E+01,6.276131E+01,2.076545E+03,3.801158E+03,1.071775E-01,2.933237E-01,0.000000E+00,0.000000E+00,0.000000E+00,0.000000E+00,0.000000E+00,0.000000E+00,0.000000E+00,0.000000E+00,2.099970E+01,4.990861E+01,2.669684E+01,4.551146E+01,3.328798E+03,4.437060E+03,1.718081E-01,3.424812E-01,0.000000E+00,0.000000E+00,0.000000E+00,0.000000E+00,0.000000E+00,0.000000E+00,0.000000E+00,0.000000E+00,2.099944E+01,4.949343E+01,2.669362E+01,4.998631E+01
04:00:00,2.803123E+03,6.504529E+02,1.446785E-01,5.018763E-02,0.000000E+00,0.000000E+00,0.000000E+00,0.000000E+00,0.000000E+00,0.000000E+00,0.000000E+00,0.000000E+00,2.099969E+01,5.024944E+01,2.669833E+01,6.268273E+01,2.076596E+03,3.808682E+03,1.071801E-01,2.939044E-01,0.000000E+00,0.000000E+00,0.000000E+00,0.000000E+00,0.000000E+00,0.000000E+00,0.000000E+00,0.000000E+00,2.099970E+01,4.990852E+01,2.669684E+01,4.549793E+01,3.328849E+03,4.436063E+03,1.718107E-01,3.424043E-01,0.000000E+00,0.000000E+00,0.000000E+00,0.000000E+00,0.000000E+00,0.000000E+00,0.000000E+00,0.000000E+00,2.099944E+01,4.949345E+01,2.669361E+01,4.998792E+01
04:10:00,2.803158E+03,6.501513E+02,1.446803E-01,5.016434E-02,0.000000E+00,0.000000E+00,0.000000E+00,0.000000E+00,0.000000E+00,0.000000E+00,0.000000E+00,0.000000E+00,2.099969E+01,5.024943E+01,2.669834E+01,6.261120E+01,2.076646E+03,3.815939E+03,1.071827E-01,2.944644E-01,0.000000E+00,0.000000E+00,0.000000E+00,0.000000E+00,0.000000E+00,0.000000E+00,0.000000E+00,0.000000E+00,2.099970E+01,4.990845E+01,2.669683E+01,4.548538E+01,3.328899E+03,4.434909E+03,1.718133E-01,3.423153E-01,0.000000E+00,0.000000E+00,0.000000E+00,0.000000E+00,0.000000E+00,0.000000E+00,0.000000E+00,0.000000E+00,2.099944E+01,4.949347E+01,2.669361E+01,4.999032E+01
04:20:00,2.803193E+03,6.495624E+02,1.446821E-01,5.011888E-02,0.000000E+00,0.000000E+00,0.000000E+00,0.000000E+00,0.000000E+00,0.000000E+00,0.000000E+00,0.000000E+00,2.099969E+01,5.024943E+01,2.669835E+01,6.254614E+01,2.076695E+03,3.822947E+03,1.071853E-01,2.950053E-01,0.000000E+00,0.000000E+00,0.000000E+00,0.000000E+00,0.000000E+00,0.000000E+00,0.000000E+00,0.000000E+00,2.099970E+01,4.990839E+01,2.669683E+01,4.547357E+01,3.328948E+03,4.433621E+03,1.718159E-01,3.422160E-01,0.000000E+00,0.000000E+00,0.000000E+00,0.000000E+00,0.000000E+00,0.000000E+00,0.000000E+00,0.000000E+00,2.099944E+01,4.949349E+01,2.669360E+01,4.999303E+01
04:30:00,2.803227E+03,6.487296E+02,1.446839E-01,5.005459E-02,0.000000E+00,0.000000E+00,0.000000E+00,0.000000E+00,0.000000E+00,0.000000E+00,0.000000E+00,0.000000E+00,2.099969E+01,5.024943E+01,2.669835E+01,6.248717E+01,2.076744E+03,3.829717E+03,1.071878E-01,2.955277E-01,0.000000E+00,0.000000E+00,0.000000E+00,0.000000E+00,0.000000E+00,0.000000E+00,0.000000E+00,0.000000E+00,2.099970E+01,4.990834E+01,2.669683E+01,4.546233E+01,3.328997E+03,4.432216E+03,1.718184E-01,3.421076E-01,0.000000E+00,0.000000E+00,0.000000E+00,0.000000E+00,0.000000E+00,0.000000E+00,0.000000E+00,0.000000E+00,2.099944E+01,4.949351E+01,2.669360E+01,4.999582E+01
04:40:00,2.803261E+03,6.476905E+02,1.446857E-01,4.997439E-02,0.000000E+00,0.000000E+00,0.000000E+00,0.000000E+00,0.000000E+00,0.000000E+00,0.000000E+00,0.000000E+00,2.099969E+01,5.024943E+01,2.669836E+01,6.243408E+01,2.076793E+03,3.836264E+03,1.071903E-01,2.960330E-01,0.000000E+00,0.000000E+00,0.000000E+00,0.000000E+00,0.000000E+00,0.000000E+00,0.000000E+00,0.000000E+00,2.099970E+01,4.990829E+01,2.669682E+01,4.545161E+01,3.329045E+03,4.430709E+03,1.718209E-01,3.419914E-01,0.000000E+00,0.000000E+00,0.000000E+00,0.000000E+00,0.000000E+00,0.000000E+00,0.000000E+00,0.000000E+00,2.099944E+01,4.949353E+01,2.669359E+01,4.999873E+01
04:50:00,2.803295E+03,6.464785E+02,1.446874E-01,4.988084E-02,0.000000E+00,0.000000E+00,0.000000E+00,0.000000E+00,0.000000E+00,0.000000E+00,0.000000E+00,0.000000E+00,2.099969E+01,5.024943E+01,2.669837E+01,6.238676E+01,2.076841E+03,3.842601E+03,1.071928E-01,2.965220E-01,0.000000E+00,0.000000E+00,0.000000E+00,0.000000E+00,0.000000E+00,0.000000E+00,0.000000E+00,0.000000E+00,2.099970E+01,4.990826E+01,2.669682E+01,4.544141E+01,3.329093E+03,4.429109E+03,1.718233E-01,3.418681E-01,0.000000E+00,0.000000E+00,0.000000E+00,0.000000E+00,0.000000E+00,0.000000E+00,0.000000E+00,0.000000E+00,2.099944E+01,4.949355E+01,2.669358E+01,5.000189E+01
05:00:00,2.803329E+03,6.451230E+02,1.446891E-01,4.977622E-02,0.000000E+00,0.000000E+00,0.000000E+00,0.000000E+00,0.000000E+00,0.000000E+00,0.000000E+00,0.000000E+00,2.099969E+01,5.024943E+01,2.669838E+01,6.234511E+01,2.076889E+03,3.848740E+03,1.071952E-01,2.969958E-01,0.000000E+00,0.000000E+00,0.000000E+00,0.000000E+00,0.000000E+00,0.000000E+00,0.000000E+00,0.000000E+00,2.099970E+01,4.990823E+01,2.669682E+01,4.543172E+01,3.329140E+03,4.427459E+03,1.718258E-01,3.417409E-01,0.000000E+00,0.000000E+00,0.000000E+00,0.000000E+00,0.000000E+00,0.000000E+00,0.000000E+00,0.000000E+00,2.099944E+01,4.949357E+01,2.669356E+01,5.000544E+01
05:10:00,2.803362E+03,6.439948E+02,1.446909E-01,4.968914E-02,0.000000E+00,0.000000E+00,0.000000E+00,0.000000E+00,0.000000E+00,0.000000E+00,0.000000E+00,0.000000E+00,2.099969E+01,5.024944E+01,2.669838E+01,6.230901E+01,2.076936E+03,3.855019E+03,1.071977E-01,2.974804E-01,0.000000E+00,0.000000E+00,0.000000E+00,0.000000E+00,0.000000E+00,0.000000E+00,0.000000E+00,0.000000E+00,2.099970E+01,4.990821E+01,2.669681E+01,4.542251E+01,3.329187E+03,4.426467E+03,1.718282E-01,3.416645E-01,0.000000E+00,0.000000E+00,0.000000E+00,0.000000E+00,0.000000E+00,0.000000E+00,0.000000E+00,0.000000E+00,2.099944E+01,4.949359E+01,2.669358E+01,5.000927E+01
05:20:00,2.803395E+03,6.435101E+02,1.446926E-01,4.965172E-02,0.000000E+00,0.000000E+00,0.000000E+00,0.000000E+00,0.000000E+00,0.000000E+00,0.000000E+00,0.000000E+00,2.099969E+01,5.024944E+01,2.669838E+01,6.227626E+01,2.076982E+03,3.861648E+03,1.072001E-01,2.979921E-01,0.000000E+00,0.000000E+00,0.000000E+00,0.000000E+00,0.000000E+00,0.000000E+00,0.000000E+00,0.000000E+00,2.099970E+01,4.990820E+01,2.669681E+01,4.541321E+01,3.329233E+03,4.426306E+03,1.718306E-01,3.416523E-01,0.000000E+00,0.000000E+00,0.000000E+00,0.000000E+00,0.000000E+00,0.000000E+00,0.000000E+00,0.000000E+00,2.099944E+01,4.949361E+01,2.669357E+01,5.001166E+01
05:30:00,2.803428E+03,6.447301E+02,1.446942E-01,4.974584E-02,0.000000E+00,0.000000E+00,0.000000E+00,0.000000E+00,0.000000E+00,0.000000E+00,0.000000E+00,0.000000E+00,2.099969E+01,5.024945E+01,2.669838E+01,6.224376E+01,2.077028E+03,3.869143E+03,1.072024E-01,2.985705E-01,0.000000E+00,0.000000E+00,0.000000E+00,0.000000E+00,0.000000E+00,0.000000E+00,0.000000E+00,0.000000E+00,2.099970E+01,4.990818E+01,2.669680E+01,4.540331E+01,3.329279E+03,4.427460E+03,1.718329E-01,3.417413E-01,0.000000E+00,0.000000E+00,0.000000E+00,0.000000E+00,0.000000E+00,0.000000E+00,0.000000E+00,0.000000E+00,2.099944E+01,4.949362E+01,2.669359E+01,5.001152E+01
05:40:00,2.803460E+03,6.488801E+02,1.446959E-01,5.006604E-02,0.000000E+00,0.000000E+00,0.000000E+00,0.000000E+00,0.000000E+00,0.000000E+00,0.000000E+00,0.000000E+00,2.099969E+01,5.024946E+01,2.669836E+01,6.220558E+01,2.077074E+03,3.878102E+03,1.072048E-01,2.992620E-01,0.000000E+00,0.000000E+00,0.000000E+00,0.000000E+00,0.000000E+00,0.000000E+00,0.000000E+00,0.000000E+00,2.099970E+01,4.990818E+01,2.669679E+01,4.539221E+01,3.329324E+03,4.430545E+03,1.718353E-01,3.419793E-01,0.000000E+00,0.000000E+00,0.000000E+00,0.000000E+00,0.000000E+00,0.000000E+00,0.000000E+00,0.000000E+00,2.099944E+01,4.949364E+01,2.669362E+01,5.000825E+01
05:50:00,2.803492E+03,6.561663E+02,1.446976E-01,5.062826E-02,0.000000E+00,0.000000E+00,0.000000E+00,0.000000E+00,0.000000E+00,0.000000E+00,0.000000E+00,0.000000E+00,2.099969E+01,5.024946E+01,2.669832E+01,6.215372E+01,2.077119E+03,3.888679E+03,1.072071E-01,3.000783E-01,0.000000E+00,0.000000E+00,0.000000E+00,0.000000E+00,0.000000E+00,0.000000E+00,0.000000E+00,0.000000E+00,2.099970E+01,4.990817E+01,2.669678E+01,4.537923E+01,3.329369E+03,4.435814E+03,1.718376E-01,3.423857E-01,0.000000E+00,0.000000E+00,0.000000E+00,0.000000E+00,0.000000E+00,0.000000E+00,0.000000E+00,0.000000E+00,2.099944E+01,4.949366E+01,2.669364E+01,5.000116E+01
06:00:00,2.803524E+03,6.664982E+02,1.446992E-01,5.142551E-02,0.000000E+00,0.000000E+00,0.000000E+00,0.000000E+00,0.000000E+00,0.000000E+00,0.000000E+00,0.000000E+00,2.099969E+01,5.024947E+01,2.669828E+01,6.208414E+01,2.077164E+03,3.900956E+03,1.072094E-01,3.010259E-01,0.000000E+00,0.000000E+00,0.000000E+00,0.000000E+00,0.000000E+00,0.000000E+00,0.000000E+00,0.000000E+00,2.099970E+01,4.990817E+01,2.669677E+01,4.536420E+01,3.329413E+03,4.443433E+03,1.718399E-01,3.429733E-01,0.000000E+00,0.000000E+00,0.000000E+00,0.000000E+00,0.000000E+00,0.000000E+00,0.000000E+00,0.000000E+00,2.099944E+01,4.949368E+01,2.669368E+01,4.999016E+01
06:10:00,2.725870E+03,2.257726E+03,1.406912E-01,1.848821E-01,0.000000E+00,0.000000E+00,0.000000E+00,0.000000E+00,0.000000E+00,0.000000E+00,0.000000E+00,0.000000E+00,2.099969E+01,5.024948E+01,2.422350E+01,6.553752E+01,1.999391E+03,5.195587E+03,1.031953E-01,4.161405E-01,0.000000E+00,0.000000E+00,0.000000E+00,0.000000E+00,0.000000E+00,0.000000E+00,0.000000E+00,0.000000E+00,2.099970E+01,4.990818E+01,2.428153E+01,5.222570E+01,3.156222E+03,5.721772E+03,1.629010E-01,4.583402E-01,0.000000E+00,0.000000E+00,0.000000E+00,0.000000E+00,0.000000E+00,0.000000E+00,0.000000E+00,0.000000E+00,2.099944E+01,4.949370E+01,2.429104E+01,5.572079E+01
06:20:00,2.648186E+03,2.216330E+03,1.366818E-01,1.830637E-01,0.000000E+00,0.000000E+00,0.000000E+00,0.000000E+00,0.000000E+00,0.000000E+00,0.000000E+00,0.000000E+00,2.099974E+01,5.029711E+01,2.399835E+01,6.455165E+01,1.921579E+03,5.181033E+03,9.917923E-02,4.281769E-01,0.000000E+00,0.000000E+00,0.000000E+00,0.000000E+00,0.000000E+00,0.000000E+00,0.000000E+00,0.000000E+00,2.099977E+01,4.994798E+01,2.399902E+01,5.454137E+01,2.982929E+03,5.823417E+03,1.539570E-01,4.836585E-01,0.000000E+00,0.000000E+00,0.000000E+00,0.000000E+00,0.000000E+00,0.000000E+00,0.000000E+00,0.000000E+00,2.099960E+01,4.955782E+01,2.399862E+01,5.697901E+01
06:30:00,2.570511E+03,3.156949E+03,1.326727E-01,2.774990E-01,0.000000E+00,0.000000E+00,0.000000E+00,0.000000E+00,0.000000E+00,0.000000E+00,0.000000E+00,0.000000E+00,2.099975E+01,5.037114E+01,2.399923E+01,6.339144E+01,1.843782E+03,6.075931E+03,9.516390E-02,5.293949E-01,0.000000E+00,0.000000E+00,0.000000E+00,0.000000E+00,0.000000E+00,0.000000E+00,0.000000E+00,0.000000E+00,2.099977E+01,5.001089E+01,2.399723E+01,5.531929E+01,2.809676E+03,6.818916E+03,1.450152E-01,5.966413E-01,0.000000E+00,0.000000E+00,0.000000E+00,0.000000E+00,0.000000E+00,0.000000E+00,0.000000E+00,0.000000E+00,2.099962E+01,4.965740E+01,2.399554E+01,5.657193E+01
06:40:00,2.492825E+03,3.831048E+03,1.286632E-01,3.459456E-01,0.000000E+00,0.000000E+00,0.000000E+00,0.000000E+00,0.000000E+00,0.000000E+00,0.000000E+00,0.000000E+00,2.099976E+01,5.044891E+01,2.399007E+01,6.228223E+01,1.765976E+03,6.723975E+03,9.114812E-02,6.065239E-01,0.000000E+00,0.000000E+00,0.000000E+00,0.000000E+00,0.000000E+00,0.000000E+00,0.000000E+00,0.000000E+00,2.099978E+01,5.007845E+01,2.399308E+01,5.611450E+01,2.636403E+03,7.567215E+03,1.360723E-01,6.854882E-01,0.000000E+00,0.000000E+00,0.000000E+00,0.000000E+00,0.000000E+00,0.000000E+00,0.000000E+00,0.000000E+00,2.099963E+01,4.976122E+01,2.399136E+01,5.624043E+01
06:50:00,2.415133E+03,4.504543E+03,1.246533E-01,4.143813E-01,0.000000E+00,0.000000E+00,0.000000E+00,0.000000E+00,0.000000E+00,0.000000E+00,0.000000E+00,0.000000E+00,2.099977E+01,5.052032E+01,2.399152E+01,6.187037E+01,1.688165E+03,7.359041E+03,8.713211E-02,6.824375E-01,0.000000E+00,0.000000E+00,0.000000E+00,0.000000E+00,0.000000E+00,0.000000E+00,0.000000E+00,0.000000E+00,2.099979E+01,5.014224E+01,2.399281E+01,5.629468E+01,2.463120E+03,8.294729E+03,1.271289E-01,7.723290E-01,0.000000E+00,0.000000E+00,0.000000E+00,0.000000E+00,0.000000E+00,0.000000E+00,0.000000E+00,0.000000E+00,2.099965E+01,4.985562E+01,2.399178E+01,5.597434E+01
07:00:00,2.337435E+03,5.165295E+03,1.206432E-01,4.816215E-01,0.000000E+00,0.000000E+00,0.000000E+00,0.000000E+00,0.000000E+00,0.000000E+00,0.000000E+00,0.000000E+00,2.099979E+01,5.058352E+01,2.399189E+01,6.178755E+01,1.610350E+03,7.979219E+03,8.311589E-02,7.569473E-01,0.000000E+00,0.000000E+00,0.000000E+00,0.000000E+00,0.000000E+00,0.000000E+00,0.000000E+00,0.000000E+00,2.099980E+01,5.020049E+01,2.399268E+01,5.633100E+01,2.289829E+03,9.001122E+03,1.181852E-01,8.571360E-01,0.000000E+00,0.000000E+00,0.000000E+00,0.000000E+00,0.000000E+00,0.000000E+00,0.000000E+00,0.000000E+00,2.099967E+01,4.993826E+01,2.399209E+01,5.590963E+01
07:10:00,2.337416E+03,4.240848E+03,1.206424E-01,4.157804E-01,0.000000E+00,0.000000E+00,0.000000E+00,0.000000E+00,0.000000E+00,0.000000E+00,0.000000E+00,0.000000E+00,2.099980E+01,5.063953E+01,2.399220E+01,6.181060E+01,1.610348E+03,7.309287E+03,8.311586E-02,7.165564E-01,0.000000E+00,0.000000E+00,0.000000E+00,0.000000E+00,0.000000E+00,0.000000E+00,0.000000E+00,0.000000E+00,2.099981E+01,5.025378E+01,2.399268E+01,5.639302E+01,2.289765E+03,8.423768E+03,1.181821E-01,8.258946E-01,0.000000E+00,0.000000E+00,0.000000E+00,0.000000E+00,0.000000E+00,0.000000E+00,0.000000E+00,0.000000E+00,2.099968E+01,5.001070E+01,2.399224E+01,5.597695E+01
07:20:00,2.337423E+03,4.945426E+03,1.206428E-01,4.848704E-01,0.000000E+00,0.000000E+00,0.000000E+00,0.000000E+00,0.000000E+00,0.000000E+00,0.000000E+00,0.000000E+00,2.099981E+01,5.068971E+01,2.399231E+01,6.184809E+01,1.610382E+03,7.942278E+03,8.311764E-02,7.786604E-01,0.000000E+00,0.000000E+00,0.000000E+00,0.000000E+00,0.000000E+00,0.000000E+00,0.000000E+00,0.000000E+00,2.099981E+01,5.030296E+01,2.399266E+01,5.648027E+01,2.289795E+03,9.012617E+03,1.181838E-01,8.836857E-01,0.000000E+00,0.000000E+00,0.000000E+00,0.000000E+00,0.000000E+00,0.000000E+00,0.000000E+00,0.000000E+00,2.099970E+01,5.007491E+01,2.399226E+01,5.607855E+01
07:30:00,2.337417E+03,4.664485E+03,1.206425E-01,4.573941E-01,0.000000E+00,0.000000E+00,0.000000E+00,0.000000E+00,0.000000E+00,0.000000E+00,0.000000E+00,0.000000E+00,2.099982E+01,5.073496E+01,2.399235E+01,6.187859E+01,1.610396E+03,7.660703E+03,8.311842E-02,7.511217E-01,0.000000E+00,0.000000E+00,0.000000E+00,0.000000E+00,0.000000E+00,0.000000E+00,0.000000E+00,0.000000E+00,2.099982E+01,5.034861E+01,2.399261E+01,5.656004E+01,2.289778E+03,8.698807E+03,1.181830E-01,8.529718E-01,0.000000E+00,0.000000E+00,0.000000E+00,0.000000E+00,0.000000E+00,0.000000E+00,0.000000E+00,0.000000E+00,2.099971E+01,5.013224E+01,2.399223E+01,5.616487E+01
07:40:00,2.337416E+03,4.646057E+03,1.206425E-01,4.555692E-01,0.000000E+00,0.000000E+00,0.000000E+00,0.000000E+00,0.000000E+00,0.000000E+00,0.000000E+00,0.000000E+00,2.099983E+01,5.077588E+01,2.399239E+01,6.190243E+01,1.610416E+03,7.621195E+03,8.311948E-02,7.472546E-01,0.000000E+00,0.000000E+00,0.000000E+00,0.000000E+00,0.000000E+00,0.000000E+00,0.000000E+00,0.000000E+00,2.099983E+01,5.039108E+01,2.399256E+01,5.661629E+01,2.289774E+03,8.624380E+03,1.181829E-01,8.456619E-01,0.000000E+00,0.000000E+00,0.000000E+00,0.000000E+00,0.000000E+00,0.000000E+00,0.000000E+00,0.000000E+00,2.099972E+01,5.018358E+01,2.399219E+01,5.622716E+01
07:50:00,2.337417E+03,4.624493E+03,1.206426E-01,4.534480E-01,0.000000E+00,0.000000E+00,0.000000E+00,0.000000E+00,0.000000E+00,0.000000E+00,0.000000E+00,0.000000E+00,2.099983E+01,5.081289E+01,2.399241E+01,6.192225E+01,1.610437E+03,7.590512E+03,8.312058E-02,7.442496E-01,0.000000E+00,0.000000E+00,0.000000E+00,0.000000E+00,0.000000E+00,0.000000E+00,0.000000E+00,0.000000E+00,2.099983E+01,5.043060E+01,2.399252E+01,5.665063E+01,2.289775E+03,8.563875E+03,1.181830E-01,8.397237E-01,0.000000E+00,0.000000E+00,0.000000E+00,0.000000E+00,0.000000E+00,0.000000E+00,0.000000E+00,0.000000E+00,2.099973E+01,5.022955E+01,2.399216E+01,5.627223E+01
08:00:00,2.337420E+03,4.612680E+03,1.206429E-01,4.522855E-01,0.000000E+00,0.000000E+00,0.000000E+00,0.000000E+00,0.000000E+00,0.000000E+00,0.000000E+00,0.000000E+00,2.099984E+01,5.084635E+01,2.399244E+01,6.193856E+01,1.610458E+03,7.571170E+03,8.312171E-02,7.423555E-01,0.000000E+00,0.000000E+00,0.000000E+00,0.000000E+00,0.000000E+00,0.000000E+00,0.000000E+00,0.000000E+00,2.099984E+01,5.046734E+01,2.399249E+01,5.667047E+01,2.289778E+03,8.518598E+03,1.181832E-01,8.352833E-01,0.000000E+00,0.000000E+00,0.000000E+00,0.000000E+00,0.000000E+00,0.000000E+00,0.000000E+00,0.000000E+00,2.099974E+01,5.027071E+01,2.399214E+01,5.630730E+01
08:10:00,2.337424E+03,4.605875E+03,1.206432E-01,4.516163E-01,0.000000E+00,0.000000E+00,0.000000E+00,0.000000E+00,0.000000E+00,0.000000E+00,0.000000E+00,0.000000E+00,2.099985E+01,5.087659E+01,2.399245E+01,6.195014E+01,1.610481E+03,7.558523E+03,8.312288E-02,7.411181E-01,0.000000E+00,0.000000E+00,0.000000E+00,0.000000E+00,0.000000E+00,0.000000E+00,0.000000E+00,0.000000E+00,2.099984E+01,5.050152E+01,2.399247E+01,5.668172E+01,2.289784E+03,8.483468E+03,1.181836E-01,8.318404E-01,0.000000E+00,0.000000E+00,0.000000E+00,0.000000E+00,0.000000E+00,0.000000E+00,0.000000E+00,0.000000E+00,2.099974E+01,5.030754E+01,2.399212E+01,5.633568E+01
08:20:00,2.337431E+03,4.603534E+03,1.206435E-01,4.513857E-01,0.000000E+00,0.000000E+00,0.000000E+00,0.000000E+00,0.000000E+00,0.000000E+00,0.000000E+00,0.000000E+00,2.099985E+01,5.090391E+01,2.399246E+01,6.195352E+01,1.610503E+03,7.551401E+03,8.312408E-02,7.404223E-01,0.000000E+00,0.000000E+00,0.000000E+00,0.000000E+00,0.000000E+00,0.000000E+00,0.000000E+00,0.000000E+00,2.099985E+01,5.053329E+01,2.399245E+01,5.668603E+01,2.289792E+03,8.456687E+03,1.181841E-01,8.292167E-01,0.000000E+00,0.000000E+00,0.000000E+00,0.000000E+00,0.000000E+00,0.000000E+00,0.000000E+00,0.000000E+00,2.099975E+01,5.034049E+01,2.399210E+01,5.635692E+01
08:30:00,2.337439E+03,4.605068E+03,1.206440E-01,4.515352E-01,0.000000E+00,0.000000E+00,0.000000E+00,0.000000E+00,0.000000E+00,0.000000E+00,0.000000E+00,0.000000E+00,2.099986E+01,5.092860E+01,2.399247E+01,6.194717E+01,1.610526E+03,7.548660E+03,8.312529E-02,7.401557E-01,0.000000E+00,0.000000E+00,0.000000E+00,0.000000E+00,0.000000E+00,0.000000E+00,0.000000E+00,0.000000E+00,2.099985E+01,5.056282E+01,2.399244E+01,5.668429E+01,2.289803E+03,8.436831E+03,1.181847E-01,8.272719E-01,0.000000E+00,0.000000E+00,0.000000E+00,0.000000E+00,0.000000E+00,0.000000E+00,0.000000E+00,0.000000E+00,2.099976E+01,5.036996E+01,2.399208E+01,5.637091E+01
08:40:00,2.337448E+03,4.610209E+03,1.206445E-01,4.520388E-01,0.000000E+00,0.000000E+00,0.000000E+00,0.000000E+00,0.000000E+00,0.000000E+00,0.000000E+00,0.000000E+00,2.099986E+01,5.095090E+01,2.399246E+01,6.193105E+01,1.610550E+03,7.549791E+03,8.312653E-02,7.402684E-01,0.000000E+00,0.000000E+00,0.000000E+00,0.000000E+00,0.000000E+00,0.000000E+00,0.000000E+00,0.000000E+00,2.099985E+01,5.059029E+01,2.399242E+01,5.667746E+01,2.289815E+03,8.423000E+03,1.181853E-01,8.259176E-01,0.000000E+00,0.000000E+00,0.000000E+00,0.000000E+00,0.000000E+00,0.000000E+00,0.000000E+00,0.000000E+00,2.099976E+01,5.039633E+01,2.399206E+01,5.637850E+01
08:50:00,2.337458E+03,4.618813E+03,1.206450E-01,4.528819E-01,0.000000E+00,0.000000E+00,0.000000E+00,0.000000E+00,0.000000E+00,0.000000E+00,0.000000E+00,0.000000E+00,2.099987E+01,5.097106E+01,2.399246E+01,6.190605E+01,1.610574E+03,7.554380E+03,8.312779E-02,7.407198E-01,0.000000E+00,0.000000E+00,0.000000E+00,0.000000E+00,0.000000E+00,0.000000E+00,0.000000E+00,0.000000E+00,2.099986E+01,5.061582E+01,2.399241E+01,5.666650E+01,2.289829E+03,8.414541E+03,1.181861E-01,8.250897E-01,0.000000E+00,0.000000E+00,0.000000E+00,0.000000E+00,0.000000E+00,0.000000E+00,0.000000E+00,0.000000E+00,2.099977E+01,5.041992E+01,2.399204E+01,5.638074E+01
09:00:00,2.337469E+03,4.630665E+03,1.206457E-01,4.540438E-01,0.000000E+00,0.000000E+00,0.000000E+00,0.000000E+00,0.000000E+00,0.000000E+00,0.000000E+00,0.000000E+00,2.099987E+01,5.098927E+01,2.399247E+01,6.187345E+01,1.610598E+03,7.562092E+03,8.312906E-02,7.414771E-01,0.000000E+00,0.000000E+00,0.000000E+00,0.000000E+00,0.000000E+00,0.000000E+00,0.000000E+00,0.000000E+00,2.099986E+01,5.063956E+01,2.399239E+01,5.665224E+01,2.289844E+03,8.410879E+03,1.181869E-01,8.247321E-01,0.000000E+00,0.000000E+00,0.000000E+00,0.000000E+00,0.000000E+00,0.000000E+00,0.000000E+00,0.000000E+00,2.099977E+01,5.044103E+01,2.399203E+01,5.637864E+01
09:10:00,2.337482E+03,4.644375E+03,1.206463E-01,4.553879E-01,0.000000E+00,0.000000E+00,0.000000E+00,0.000000E+00,0.000000E+00,0.000000E+00,0.000000E+00,0.000000E+00,2.099987E+01,5.100572E+01,2.399247E+01,6.183418E+01,1.610623E+03,7.571432E+03,8.313035E-02,7.423940E-01,0.000000E+00,0.000000E+00,0.000000E+00,0.000000E+00,0.000000E+00,0.000000E+00,0.000000E+00,0.000000E+00,2.099986E+01,5.066163E+01,2.399238E+01,5.663523E+01,2.289860E+03,8.410233E+03,1.181878E-01,8.246700E-01,0.000000E+00,0.000000E+00,0.000000E+00,0.000000E+00,0.000000E+00,0.000000E+00,0.000000E+00,0.000000E+00,2.099978E+01,5.045991E+01,2.399202E+01,5.637278E+01
09:20:00,2.337495E+03,4.659692E+03,1.206470E-01,4.568897E-01,0.000000E+00,0.000000E+00,0.000000E+00,0.000000E+00,0.000000E+00,0.000000E+00,0.000000E+00,0.000000E+00,2.099988E+01,5.102059E+01,2.399249E+01,6.179088E+01,1.610648E+03,7.582143E+03,8.313166E-02,7.434453E-01,0.000000E+00,0.000000E+00,0.000000E+00,0.000000E+00,0.000000E+00,0.000000E+00,0.000000E+00,0.000000E+00,2.099987E+01,5.068215E+01,2.399238E+01,5.661717E+01,2.289878E+03,8.412180E+03,1.181887E-01,8.248622E-01,0.000000E+00,0.000000E+00,0.000000E+00,0.000000E+00,0.000000E+00,0.000000E+00,0.000000E+00,0.000000E+00,2.099978E+01,5.047681E+01,2.399201E+01,5.636498E+01
09:30:00,2.337509E+03,4.676399E+03,1.206478E-01,4.585275E-01,0.000000E+00,0.000000E+00,0.000000E+00,0.000000E+00,0.000000E+00,0.000000E+00,0.000000E+00,0.000000E+00,2.099988E+01,5.103403E+01,2.399250E+01,6.174485E+01,1.610673E+03,7.594036E+03,8.313297E-02,7.446122E-01,0.000000E+00,0.000000E+00,0.000000E+00,0.000000E+00,0.000000E+00,0.000000E+00,0.000000E+00,0.000000E+00,2.099987E+01,5.070123E+01,2.399237E+01,5.659860E+01,2.289897E+03,8.416416E+03,1.181897E-01,8.252786E-01,0.000000E+00,0.000000E+00,0.000000E+00,0.000000E+00,0.000000E+00,0.000000E+00,0.000000E+00,0.000000E+00,2.099978E+01,5.049192E+01,2.399200E+01,5.635577E+01
09:40:00,2.337524E+03,4.694384E+03,1.206486E-01,4.602906E-01,0.000000E+00,0.000000E+00,0.000000E+00,0.000000E+00,0.000000E+00,0.000000E+00,0.000000E+00,0.000000E+00,2.099988E+01,5.104617E+01,2.399250E+01,6.169601E+01,1.610699E+03,7.606994E+03,8.313430E-02,7.458835E-01,0.000000E+00,0.000000E+00,0.000000E+00,0.000000E+00,0.000000E+00,0.000000E+00,0.000000E+00,0.000000E+00,2.099987E+01,5.071896E+01,2.399236E+01,5.657920E+01,2.289916E+03,8.422720E+03,1.181908E-01,8.258976E-01,0.000000E+00,0.000000E+00,0.000000E+00,0.000000E+00,0.000000E+00,0.000000E+00,0.000000E+00,0.000000E+00,2.099978E+01,5.050545E+01,2.399199E+01,5.634485E+01
09:50:00,2.337539E+03,4.713932E+03,1.206494E-01,4.622070E-01,0.000000E+00,0.000000E+00,0.000000E+00,0.000000E+00,0.000000E+00,0.000000E+00,0.000000E+00,0.000000E+00,2.099988E+01,5.105713E+01,2.399251E+01,6.164381E+01,1.610724E+03,7.621220E+03,8.313563E-02,7.472790E-01,0.000000E+00,0.000000E+00,0.000000E+00,0.000000E+00,0.000000E+00,0.000000E+00,0.000000E+00,0.000000E+00,2.099987E+01,5.073545E+01,2.399236E+01,5.655849E+01,2.289937E+03,8.431218E+03,1.181918E-01,8.267317E-01,0.000000E+00,0.000000E+00,0.000000E+00,0.000000E+00,0.000000E+00,0.000000E+00,0.000000E+00,0.000000E+00,2.099979E+01,5.051755E+01,2.399198E+01,5.633170E+01
10:00:00,2.337556E+03,4.734751E+03,1.206503E-01,4.642481E-01,0.000000E+00,0.000000E+00,0.000000E+00,0.000000E+00,0.000000E+00,0.000000E+00,0.000000E+00,0.000000E+00,2.099988E+01,5.106705E+01,2.399250E+01,6.158697E+01,1.610750E+03,7.636502E+03,8.313697E-02,7.487780E-01,0.000000E+00,0.000000E+00,0.000000E+00,0.000000E+00,0.000000E+00,0.000000E+00,0.000000E+00,0.000000E+00,2.099988E+01,5.075079E+01,2.399235E+01,5.653564E+01,2.289958E+03,8.441624E+03,1.181930E-01,8.277529E-01,0.000000E+00,0.000000E+00,0.000000E+00,0.000000E+00,0.000000E+00,0.000000E+00,0.000000E+00,0.000000E+00,2.099979E+01,5.052837E+01,2.399197E+01,5.631567E+01
10:10:00,2.337572E+03,4.756673E+03,1.206511E-01,4.663974E-01,0.000000E+00,0.000000E+00,0.000000E+00,0.000000E+00,0.000000E+00,0.000000E+00,0.000000E+00,0.000000E+00,2.099989E+01,5.107600E+01,2.399249E+01,6.152557E+01,1.610776E+03,7.652700E+03,8.313832E-02,7.503668E-01,0.000000E+00,0.000000E+00,0.000000E+00,0.000000E+00,0.000000E+00,0.000000E+00,0.000000E+00,0.000000E+00,2.099988E+01,5.076504E+01,2.399234E+01,5.651078E+01,2.289980E+03,8.453759E+03,1.181941E-01,8.289436E-01,0.000000E+00,0.000000E+00,0.000000E+00,0.000000E+00,0.000000E+00,0.000000E+00,0.000000E+00,0.000000E+00,2.099979E+01,5.053806E+01,2.399196E+01,5.629689E+01
10:20:00,2.337589E+03,4.779569E+03,1.206520E-01,4.686424E-01,0.000000E+00,0.000000E+00,0.000000E+00,0.000000E+00,0.000000E+00,0.000000E+00,0.000000E+00,0.000000E+00,2.099989E+01,5.108410E+01,2.399249E+01,6.146250E+01,1.610802E+03,7.669718E+03,8.313967E-02,7.520360E-01,0.000000E+00,0.000000E+00,0.000000E+00,0.000000E+00,0.000000E+00,0.000000E+00,0.000000E+00,0.000000E+00,2.099988E+01,5.077830E+01,2.399234E+01,5.648566E+01,2.290002E+03,8.467484E+03,1.181953E-01,8.302900E-01,0.000000E+00,0.000000E+00,0.000000E+00,0.000000E+00,0.000000E+00,0.000000E+00,0.000000E+00,0.000000E+00,2.099979E+01,5.054672E+01,2.399196E+01,5.627725E+01
10:30:00,2.337607E+03,4.803270E+03,1.206529E-01,4.709664E-01,0.000000E+00,0.000000E+00,0.000000E+00,0.000000E+00,0.000000E+00,0.000000E+00,0.000000E+00,0.000000E+00,2.099989E+01,5.109141E+01,2.399248E+01,6.139918E+01,1.610828E+03,7.687405E+03,8.314102E-02,7.537707E-01,0.000000E+00,0.000000E+00,0.000000E+00,0.000000E+00,0.000000E+00,0.000000E+00,0.000000E+00,0.000000E+00,2.099988E+01,5.079062E+01,2.399233E+01,5.646094E+01,2.290025E+03,8.482621E+03,1.181965E-01,8.317749E-01,0.000000E+00,0.000000E+00,0.000000E+00,0.000000E+00,0.000000E+00,0.000000E+00,0.000000E+00,0.000000E+00,2.099979E+01,5.055448E+01,2.399196E+01,5.625732E+01
10:40:00,2.337625E+03,4.827577E+03,1.206539E-01,4.733500E-01,0.000000E+00,0.000000E+00,0.000000E+00,0.000000E+00,0.000000E+00,0.000000E+00,0.000000E+00,0.000000E+00,2.099989E+01,5.109802E+01,2.399248E+01,6.133565E+01,1.610854E+03,7.705618E+03,8.314238E-02,7.555571E-01,0.000000E+00,0.000000E+00,0.000000E+00,0.000000E+00,0.000000E+00,0.000000E+00,0.000000E+00,0.000000E+00,2.099988E+01,5.080208E+01,2.399233E+01,5.643636E+01,2.290048E+03,8.498993E+03,1.181977E-01,8.333809E-01,0.000000E+00,0.000000E+00,0.000000E+00,0.000000E+00,0.000000E+00,0.000000E+00,0.000000E+00,0.000000E+00,2.099980E+01,5.056142E+01,2.399195E+01,5.623684E+01
10:50:00,2.337643E+03,4.851989E+03,1.206548E-01,4.757439E-01,0.000000E+00,0.000000E+00,0.000000E+00,0.000000E+00,0.000000E+00,0.000000E+00,0.000000E+00,0.000000E+00,2.099989E+01,5.110399E+01,2.399247E+01,6.127157E+01,1.610880E+03,7.723925E+03,8.314374E-02,7.573524E-01,0.000000E+00,0.000000E+00,0.000000E+00,0.000000E+00,0.000000E+00,0.000000E+00,0.000000E+00,0.000000E+00,2.099988E+01,5.081273E+01,2.399232E+01,5.641150E+01,2.290072E+03,8.516155E+03,1.181989E-01,8.350643E-01,0.000000E+00,0.000000E+00,0.000000E+00,0.000000E+00,0.000000E+00,0.000000E+00,0.000000E+00,0.000000E+00,2.099980E+01,5.056762E+01,2.399195E+01,5.621531E+01
11:00:00,2.337662E+03,4.876444E+03,1.206558E-01,4.781422E-01,0.000000E+00,0.000000E+00,0.000000E+00,0.000000E+00,0.000000E+00,0.000000E+00,0.000000E+00,0.000000E+00,2.099989E+01,5.110938E+01,2.399245E+01,6.120674E+01,1.610906E+03,7.742308E+03,8.314509E-02,7.591553E-01,0.000000E+00,0.000000E+00,0.000000E+00,0.000000E+00,0.000000E+00,0.000000E+00,0.000000E+00,0.000000E+00,2.099989E+01,5.082264E+01,2.399232E+01,5.638612E+01,2.290096E+03,8.534065E+03,1.182001E-01,8.368210E-01,0.000000E+00,0.000000E+00,0.000000E+00,0.000000E+00,0.000000E+00,0.000000E+00,0.000000E+00,0.000000E+00,2.099980E+01,5.057318E+01,2.399194E+01,5.619256E+01
11:10:00,2.337681E+03,4.899982E+03,1.206568E-01,4.804506E-01,0.000000E+00,0.000000E+00,0.000000E+00,0.000000E+00,0.000000E+00,0.000000E+00,0.000000E+00,0.000000E+00,2.099989E+01,5.111426E+01,2.399244E+01,6.114117E+01,1.610933E+03,7.759745E+03,8.314645E-02,7.608654E-01,0.000000E+00,0.000000E+00,0.000000E+00,0.000000E+00,0.000000E+00,0.000000E+00,0.000000E+00,0.000000E+00,2.099989E+01,5.083185E+01,2.399231E+01,5.636020E+01,2.290120E+03,8.551601E+03,1.182014E-01,8.385409E-01,0.000000E+00,0.000000E+00,0.000000E+00,0.000000E+00,0.000000E+00,0.000000E+00,0.000000E+00,0.000000E+00,2.099980E+01,5.057815E+01,2.399193E+01,5.616857E+01
11:20:00,2.337700E+03,4.922538E+03,1.206578E-01,4.826625E-01,0.000000E+00,0.000000E+00,0.000000E+00,0.000000E+00,0.000000E+00,0.000000E+00,0.000000E+00,0.000000E+00,2.099990E+01,5.111866E+01,2.399245E+01,6.107973E+01,1.610959E+03,7.776156E+03,8.314781E-02,7.624748E-01,0.000000E+00,0.000000E+00,0.000000E+00,0.000000E+00,0.000000E+00,0.000000E+00,0.000000E+00,0.000000E+00,2.099989E+01,5.084041E+01,2.399232E+01,5.633706E+01,2.290144E+03,8.568654E+03,1.182026E-01,8.402133E-01,0.000000E+00,0.000000E+00,0.000000E+00,0.000000E+00,0.000000E+00,0.000000E+00,0.000000E+00,0.000000E+00,2.099980E+01,5.058260E+01,2.399194E+01,5.614688E+01
11:30:00,2.337719E+03,4.944016E+03,1.206588E-01,4.847686E-01,0.000000E+00,0.000000E+00,0.000000E+00,0.000000E+00,0.000000E+00,0.000000E+00,0.000000E+00,0.000000E+00,2.099990E+01,5.112264E+01,2.399247E+01,6.102395E+01,1.610985E+03,7.791453E+03,8.314917E-02,7.639748E-01,0.000000E+00,0.000000E+00,0.000000E+00,0.000000E+00,0.000000E+00,0.000000E+00,0.000000E+00,0.000000E+00,2.099989E+01,5.084837E+01,2.399232E+01,5.631743E+01,2.290168E+03,8.585125E+03,1.182039E-01,8.418287E-01,0.000000E+00,0.000000E+00,0.000000E+00,0.000000E+00,0.000000E+00,0.000000E+00,0.000000E+00,0.000000E+00,2.099980E+01,5.058658E+01,2.399194E+01,5.612812E+01
11:40:00,2.337738E+03,4.964350E+03,1.206598E-01,4.867624E-01,0.000000E+00,0.000000E+00,0.000000E+00,0.000000E+00,0.000000E+00,0.000000E+00,0.000000E+00,0.000000E+00,2.099990E+01,5.112624E+01,2.399248E+01,6.097259E+01,1.611011E+03,7.805561E+03,8.315052E-02,7.653582E-01,0.000000E+00,0.000000E+00,0.000000E+00,0.000000E+00,0.000000E+00,0.000000E+00,0.000000E+00,0.000000E+00,2.099989E+01,5.085577E+01,2.399232E+01,5.630017E+01,2.290193E+03,8.600918E+03,1.182052E-01,8.433774E-01,0.000000E+00,0.000000E+00,0.000000E+00,0.000000E+00,0.000000E+00,0.000000E+00,0.000000E+00,0.000000E+00,2.099980E+01,5.059014E+01,2.399194E+01,5.611103E+01
11:50:00,2.337757E+03,4.983509E+03,1.206608E-01,4.886407E-01,0.000000E+00,0.000000E+00,0.000000E+00,0.000000E+00,0.000000E+00,0.000000E+00,0.000000E+00,0.000000E+00,2.099990E+01,5.112949E+01,2.399249E+01,6.092385E+01,1.611037E+03,7.818428E+03,8.315187E-02,7.666199E-01,0.000000E+00,0.000000E+00,0.000000E+00,0.000000E+00,0.000000E+00,0.000000E+00,0.000000E+00,0.000000E+00,2.099989E+01,5.086266E+01,2.399232E+01,5.628394E+01,2.290217E+03,8.615971E+03,1.182065E-01,8.448536E-01,0.000000E+00,0.000000E+00,0.000000E+00,0.000000E+00,0.000000E+00,0.000000E+00,0.000000E+00,0.000000E+00,2.099980E+01,5.059333E+01,2.399194E+01,5.609422E+01
12:00:00,2.337777E+03,5.001506E+03,1.206618E-01,4.904050E-01,0.000000E+00,0.000000E+00,0.000000E+00,0.000000E+00,0.000000E+00,0.000000E+00,0.000000E+00,0.000000E+00,2.099990E+01,5.113243E+01,2.399249E+01,6.087637E+01,1.611063E+03,7.830047E+03,8.315322E-02,7.677592E-01,0.000000E+00,0.000000E+00,0.000000E+00,0.000000E+00,0.000000E+00,0.000000E+00,0.000000E+00,0.000000E+00,2.099989E+01,5.086906E+01,2.399232E+01,5.626793E+01,2.290242E+03,8.630259E+03,1.182077E-01,8.462546E-01,0.000000E+00,0.000000E+00,0.000000E+00,0.000000E+00,0.000000E+00,0.000000E+00,0.000000E+00,0.000000E+00,2.099980E+01,5.059618E+01,2.399194E+01,5.607692E+01
12:10:00,2.337797E+03,5.019270E+03,1.206628E-01,4.921463E-01,0.000000E+00,0.000000E+00,0.000000E+00,0.000000E+00,0.000000E+00,0.000000E+00,0.000000E+00,0.000000E+00,2.099990E+01,5.113509E+01,2.399249E+01,6.082929E+01,1.611089E+03,7.841388E+03,8.315456E-02,7.688712E-01,0.000000E+00,0.000000E+00,0.000000E+00,0.000000E+00,0.000000E+00,0.000000E+00,0.000000E+00,0.000000E+00,2.099989E+01,5.087501E+01,2.399232E+01,5.625176E+01,2.290267E+03,8.644826E+03,1.182090E-01,8.476831E-01,0.000000E+00,0.000000E+00,0.000000E+00,0.000000E+00,0.000000E+00,0.000000E+00,0.000000E+00,0.000000E+00,2.099980E+01,5.059873E+01,2.399193E+01,5.605880E+01
12:20:00,2.337816E+03,5.036811E+03,1.206638E-01,4.938659E-01,0.000000E+00,0.000000E+00,0.000000E+00,0.000000E+00,0.000000E+00,0.000000E+00,0.000000E+00,0.000000E+00,2.099990E+01,5.113749E+01,2.399249E+01,6.078398E+01,1.611115E+03,7.852506E+03,8.315590E-02,7.699614E-01,0.000000E+00,0.000000E+00,0.000000E+00,0.000000E+00,0.000000E+00,0.000000E+00,0.000000E+00,0.000000E+00,2.099989E+01,5.088054E+01,2.399232E+01,5.623651E+01,2.290291E+03,8.659711E+03,1.182103E-01,8.491428E-01,0.000000E+00,0.000000E+00,0.000000E+00,0.000000E+00,0.000000E+00,0.000000E+00,0.000000E+00,0.000000E+00,2.099980E+01,5.060102E+01,2.399193E+01,5.604109E+01
12:30:00,2.337836E+03,5.054155E+03,1.206648E-01,4.955663E-01,0.000000E+00,0.000000E+00,0.000000E+00,0.000000E+00,0.000000E+00,0.000000E+00,0.000000E+00,0.000000E+00,2.099990E+01,5.113966E+01,2.399250E+01,6.074064E+01,1.611141E+03,7.863443E+03,8.315723E-02,7.710339E-01,0.000000E+00,0.000000E+00,0.000000E+00,0.000000E+00,0.000000E+00,0.000000E+00,0.000000E+00,0.000000E+00,2.099989E+01,5.088569E+01,2.399231E+01,5.622228E+01,2.290316E+03,8.674943E+03,1.182116E-01,8.506364E-01,0.000000E+00,0.000000E+00,0.000000E+00,0.000000E+00,0.000000E+00,0.000000E+00,0.000000E+00,0.000000E+00,2.099980E+01,5.060306E+01,2.399193E+01,5.602388E+01
12:40:00,2.337856E+03,5.071292E+03,1.206659E-01,4.972466E-01,0.000000E+00,0.000000E+00,0.000000E+00,0.000000E+00,0.000000E+00,0.000000E+00,0.000000E+00,0.000000E+00,2.099990E+01,5.114161E+01,2.399250E+01,6.069863E+01,1.611166E+03,7.874217E+03,8.315856E-02,7.720904E-01,0.000000E+00,0.000000E+00,0.000000E+00,0.000000E+00,0.000000E+00,0.000000E+00,0.000000E+00,0.000000E+00,2.099990E+01,5.089047E+01,2.399231E+01,5.620856E+01,2.290341E+03,8.690531E+03,1.182128E-01,8.521651E-01,0.000000E+00,0.000000E+00,0.000000E+00,0.000000E+00,0.000000E+00,0.000000E+00,0.000000E+00,0.000000E+00,2.099980E+01,5.060489E+01,2.399193E+01,5.600668E+01
12:50:00,2.337875E+03,5.088186E+03,1.206669E-01,4.989030E-01,0.000000E+00,0.000000E+00,0.000000E+00,0.000000E+00,0.000000E+00,0.000000E+00,0.000000E+00,0.000000E+00,2.099990E+01,5.114339E+01,2.399249E+01,6.065726E+01,1.611192E+03,7.884815E+03,8.315988E-02,7.731298E-01,0.000000E+00,0.000000E+00,0.000000E+00,0.000000E+00,0.000000E+00,0.000000E+00,0.000000E+00,0.000000E+00,2.099990E+01,5.089492E+01,2.399231E+01,5.619488E+01,2.290365E+03,8.706458E+03,1.182141E-01,8.537270E-01,0.000000E+00,0.000000E+00,0.000000E+00,0.000000E+00,0.000000E+00,0.000000E+00,0.000000E+00,0.000000E+00,2.099981E+01,5.060653E+01,2.399193E+01,5.598895E+01
13:00:00,2.337895E+03,5.104755E+03,1.206679E-01,5.005275E-01,0.000000E+00,0.000000E+00,0.000000E+00,0.000000E+00,0.000000E+00,0.000000E+00,0.000000E+00,0.000000E+00,2.099990E+01,5.114499E+01,2.399249E+01,6.061617E+01,1.611217E+03,7.895180E+03,8.316120E-02,7.741462E-01,0.000000E+00,0.000000E+00,0.000000E+00,0.000000E+00,0.000000E+00,0.000000E+00,0.000000E+00,0.000000E+00,2.099990E+01,5.089905E+01,2.399231E+01,5.618101E+01,2.290390E+03,8.722655E+03,1.182154E-01,8.553154E-01,0.000000E+00,0.000000E+00,0.000000E+00,0.000000E+00,0.000000E+00,0.000000E+00,0.000000E+00,0.000000E+00,2.099981E+01,5.060800E+01,2.399193E+01,5.597051E+01
13:10:00,2.337914E+03,5.120571E+03,1.206689E-01,5.020783E-01,0.000000E+00,0.000000E+00,0.000000E+00,0.000000E+00,0.000000E+00,0.000000E+00,0.000000E+00,0.000000E+00,2.099990E+01,5.114643E+01,2.399249E+01,6.057529E+01,1.611243E+03,7.904907E+03,8.316251E-02,7.751001E-01,0.000000E+00,0.000000E+00,0.000000E+00,0.000000E+00,0.000000E+00,0.000000E+00,0.000000E+00,0.000000E+00,2.099990E+01,5.090290E+01,2.399231E+01,5.616698E+01,2.290414E+03,8.738688E+03,1.182166E-01,8.568876E-01,0.000000E+00,0.000000E+00,0.000000E+00,0.000000E+00,0.000000E+00,0.000000E+00,0.000000E+00,0.000000E+00,2.099981E+01,5.060931E+01,2.399192E+01,5.595136E+01
13:20:00,2.337934E+03,5.135506E+03,1.206699E-01,5.035428E-01,0.000000E+00,0.000000E+00,0.000000E+00,0.000000E+00,0.000000E+00,0.000000E+00,0.000000E+00,0.000000E+00,2.099990E+01,5.114774E+01,2.399249E+01,6.053751E+01,1.611268E+03,7.913880E+03,8.316381E-02,7.759800E-01,0.000000E+00,0.000000E+00,0.000000E+00,0.000000E+00,0.000000E+00,0.000000E+00,0.000000E+00,0.000000E+00,2.099990E+01,5.090648E+01,2.399231E+01,5.615474E+01,2.290438E+03,8.754422E+03,1.182179E-01,8.584306E-01,0.000000E+00,0.000000E+00,0.000000E+00,0.000000E+00,0.000000E+00,0.000000E+00,0.000000E+00,0.000000E+00,2.099981E+01,5.061049E+01,2.399193E+01,5.593362E+01
13:30:00,2.337954E+03,5.149432E+03,1.206709E-01,5.049082E-01,0.000000E+00,0.000000E+00,0.000000E+00,0.000000E+00,0.000000E+00,0.000000E+00,0.000000E+00,0.000000E+00,2.099990E+01,5.114892E+01,2.399250E+01,6.050376E+01,1.611293E+03,7.922022E+03,8.316510E-02,7.767783E-01,0.000000E+00,0.000000E+00,0.000000E+00,0.000000E+00,0.000000E+00,0.000000E+00,0.000000E+00,0.000000E+00,2.099990E+01,5.090980E+01,2.399231E+01,5.614476E+01,2.290462E+03,8.769736E+03,1.182191E-01,8.599322E-01,0.000000E+00,0.000000E+00,0.000000E+00,0.000000E+00,0.000000E+00,0.000000E+00,0.000000E+00,0.000000E+00,2.099981E+01,5.061154E+01,2.399193E+01,5.591767E+01
13:40:00,2.337973E+03,5.162279E+03,1.206719E-01,5.061678E-01,0.000000E+00,0.000000E+00,0.000000E+00,0.000000E+00,0.000000E+00,0.000000E+00,0.000000E+00,0.000000E+00,2.099990E+01,5.114999E+01,2.399250E+01,6.047344E+01,1.611318E+03,7.929254E+03,8.316639E-02,7.774875E-01,0.000000E+00,0.000000E+00,0.000000E+00,0.000000E+00,0.000000E+00,0.000000E+00,0.000000E+00,0.000000E+00,2.099990E+01,5.091289E+01,2.399231E+01,5.613633E+01,2.290486E+03,8.784521E+03,1.182204E-01,8.613820E-01,0.000000E+00,0.000000E+00,0.000000E+00,0.000000E+00,0.000000E+00,0.000000E+00,0.000000E+00,0.000000E+00,2.099981E+01,5.061248E+01,2.399193E+01,5.590284E+01
13:50:00,2.337992E+03,5.174005E+03,1.206729E-01,5.073175E-01,0.000000E+00,0.000000E+00,0.000000E+00,0.000000E+00,0.000000E+00,0.000000E+00,0.000000E+00,0.000000E+00,2.099990E+01,5.115095E+01,2.399250E+01,6.044550E+01,1.611342E+03,7.935512E+03,8.316767E-02,7.781011E-01,0.000000E+00,0.000000E+00,0.000000E+00,0.000000E+00,0.000000E+00,0.000000E+00,0.000000E+00,0.000000E+00,2.099990E+01,5.091577E+01,2.399231E+01,5.612872E+01,2.290510E+03,8.798723E+03,1.182216E-01,8.627745E-01,0.000000E+00,0.000000E+00,0.000000E+00,0.000000E+00,0.000000E+00,0.000000E+00,0.000000E+00,0.000000E+00,2.099981E+01,5.061333E+01,2.399193E+01,5.588836E+01
14:00:00,2.338012E+03,5.184582E+03,1.206739E-01,5.083546E-01,0.000000E+00,0.000000E+00,0.000000E+00,0.000000E+00,0.000000E+00,0.000000E+00,0.000000E+00,0.000000E+00,2.099990E+01,5.115183E+01,2.399250E+01,6.041911E+01,1.611367E+03,7.940769E+03,8.316895E-02,7.786165E-01,0.000000E+00,0.000000E+00,0.000000E+00,0.000000E+00,0.000000E+00,0.000000E+00,0.000000E+00,0.000000E+00,2.099990E+01,5.091844E+01,2.399231E+01,5.612149E+01,2.290534E+03,8.812270E+03,1.182228E-01,8.641028E-01,0.000000E+00,0.000000E+00,0.000000E+00,0.000000E+00,0.000000E+00,0.000000E+00,0.000000E+00,0.000000E+00,2.099981E+01,5.061408E+01,2.399193E+01,5.587379E+01
14:10:00,2.338031E+03,5.193394E+03,1.206749E-01,5.092184E-01,0.000000E+00,0.000000E+00,0.000000E+00,0.000000E+00,0.000000E+00,0.000000E+00,0.000000E+00,0.000000E+00,2.099990E+01,5.115262E+01,2.399250E+01,6.039380E+01,1.611392E+03,7.944403E+03,8.317021E-02,7.789728E-01,0.000000E+00,0.000000E+00,0.000000E+00,0.000000E+00,0.000000E+00,0.000000E+00,0.000000E+00,0.000000E+00,2.099990E+01,5.092093E+01,2.399231E+01,5.611449E+01,2.290558E+03,8.824474E+03,1.182241E-01,8.652994E-01,0.000000E+00,0.000000E+00,0.000000E+00,0.000000E+00,0.000000E+00,0.000000E+00,0.000000E+00,0.000000E+00,2.099981E+01,5.061476E+01,2.399193E+01,5.585896E+01
14:20:00,2.338050E+03,5.200167E+03,1.206759E-01,5.098824E-01,0.000000E+00,0.000000E+00,0.000000E+00,0.000000E+00,0.000000E+00,0.000000E+00,0.000000E+00,0.000000E+00,2.099990E+01,5.115333E+01,2.399251E+01,6.037393E+01,1.611416E+03,7.946128E+03,8.317147E-02,7.791418E-01,0.000000E+00,0.000000E+00,0.000000E+00,0.000000E+00,0.000000E+00,0.000000E+00,0.000000E+00,0.000000E+00,2.099990E+01,5.092324E+01,2.399232E+01,5.611077E+01,2.290581E+03,8.835068E+03,1.182253E-01,8.663381E-01,0.000000E+00,0.000000E+00,0.000000E+00,0.000000E+00,0.000000E+00,0.000000E+00,0.000000E+00,0.000000E+00,2.099981E+01,5.061537E+01,2.399194E+01,5.584715E+01
14:30:00,2.338069E+03,5.205083E+03,1.206769E-01,5.103643E-01,0.000000E+00,0.000000E+00,0.000000E+00,0.000000E+00,0.000000E+00,0.000000E+00,0.000000E+00,0.000000E+00,2.099990E+01,5.115398E+01,2.399252E+01,6.036149E+01,1.611440E+03,7.946088E+03,8.317272E-02,7.791378E-01,0.000000E+00,0.000000E+00,0.000000E+00,0.000000E+00,0.000000E+00,0.000000E+00,0.000000E+00,0.000000E+00,2.099990E+01,5.092539E+01,2.399232E+01,5.611144E+01,2.290605E+03,8.844176E+03,1.182265E-01,8.672309E-01,0.000000E+00,0.000000E+00,0.000000E+00,0.000000E+00,0.000000E+00,0.000000E+00,0.000000E+00,0.000000E+00,2.099981E+01,5.061591E+01,2.399194E+01,5.583924E+01
14:40:00,2.338088E+03,5.208302E+03,1.206779E-01,5.106797E-01,0.000000E+00,0.000000E+00,0.000000E+00,0.000000E+00,0.000000E+00,0.000000E+00,0.000000E+00,0.000000E+00,2.099990E+01,5.115456E+01,2.399253E+01,6.035490E+01,1.611464E+03,7.944433E+03,8.317396E-02,7.789753E-01,0.000000E+00,0.000000E+00,0.000000E+00,0.000000E+00,0.000000E+00,0.000000E+00,0.000000E+00,0.000000E+00,2.099990E+01,5.092739E+01,2.399233E+01,5.611510E+01,2.290628E+03,8.851887E+03,1.182277E-01,8.679868E-01,0.000000E+00,0.000000E+00,0.000000E+00,0.000000E+00,0.000000E+00,0.000000E+00,0.000000E+00,0.000000E+00,2.099981E+01,5.061640E+01,2.399195E+01,5.583379E+01
14:50:00,2.338107E+03,5.209915E+03,1.206788E-01,5.108375E-01,0.000000E+00,0.000000E+00,0.000000E+00,0.000000E+00,0.000000E+00,0.000000E+00,0.000000E+00,0.000000E+00,2.099990E+01,5.115509E+01,2.399253E+01,6.035150E+01,1.611488E+03,7.941271E+03,8.317520E-02,7.786651E-01,0.000000E+00,0.000000E+00,0.000000E+00,0.000000E+00,0.000000E+00,0.000000E+00,0.000000E+00,0.000000E+00,2.099990E+01,5.092925E+01,2.399233E+01,5.611989E+01,2.290651E+03,8.858265E+03,1.182289E-01,8.686120E-01,0.000000E+00,0.000000E+00,0.000000E+00,0.000000E+00,0.000000E+00,0.000000E+00,0.000000E+00,0.000000E+00,2.099981E+01,5.061684E+01,2.399195E+01,5.582903E+01
15:00:00,2.338125E+03,5.209996E+03,1.206798E-01,5.108451E-01,0.000000E+00,0.000000E+00,0.000000E+00,0.000000E+00,0.000000E+00,0.000000E+00,0.000000E+00,0.000000E+00,2.099990E+01,5.115556E+01,2.399253E+01,6.034934E+01,1.611512E+03,7.936679E+03,8.317642E-02,7.782146E-01,0.000000E+00,0.000000E+00,0.000000E+00,0.000000E+00,0.000000E+00,0.000000E+00,0.000000E+00,0.000000E+00,2.099990E+01,5.093098E+01,2.399232E+01,5.612471E+01,2.290674E+03,8.863365E+03,1.182300E-01,8.691118E-01,0.000000E+00,0.000000E+00,0.000000E+00,0.000000E+00,0.000000E+00,0.000000E+00,0.000000E+00,0.000000E+00,2.099981E+01,5.061723E+01,2.399195E+01,5.582396E+01
15:10:00,2.338144E+03,5.208297E+03,1.206808E-01,5.106783E-01,0.000000E+00,0.000000E+00,0.000000E+00,0.000000E+00,0.000000E+00,0.000000E+00,0.000000E+00,0.000000E+00,2.099990E+01,5.115599E+01,2.399253E+01,6.034744E+01,1.611535E+03,7.930418E+03,8.317764E-02,7.776006E-01,0.000000E+00,0.000000E+00,0.000000E+00,0.000000E+00,0.000000E+00,0.000000E+00,0.000000E+00,0.000000E+00,2.099990E+01,5.093259E+01,2.399232E+01,5.612917E+01,2.290696E+03,8.866902E+03,1.182312E-01,8.694583E-01,0.000000E+00,0.000000E+00,0.000000E+00,0.000000E+00,0.000000E+00,0.000000E+00,0.000000E+00,0.000000E+00,2.099981E+01,5.061758E+01,2.399195E+01,5.581828E+01
15:20:00,2.338163E+03,5.205143E+03,1.206817E-01,5.103687E-01,0.000000E+00,0.000000E+00,0.000000E+00,0.000000E+00,0.000000E+00,0.000000E+00,0.000000E+00,0.000000E+00,2.099990E+01,5.115638E+01,2.399255E+01,6.035101E+01,1.611559E+03,7.922835E+03,8.317884E-02,7.768569E-01,0.000000E+00,0.000000E+00,0.000000E+00,0.000000E+00,0.000000E+00,0.000000E+00,0.000000E+00,0.000000E+00,2.099990E+01,5.093409E+01,2.399233E+01,5.613700E+01,2.290719E+03,8.869142E+03,1.182324E-01,8.696777E-01,0.000000E+00,0.000000E+00,0.000000E+00,0.000000E+00,0.000000E+00,0.000000E+00,0.000000E+00,0.000000E+00,2.099981E+01,5.061790E+01,2.399196E+01,5.581588E+01
15:30:00,2.338181E+03,5.200449E+03,1.206827E-01,5.099082E-01,0.000000E+00,0.000000E+00,0.000000E+00,0.000000E+00,0.000000E+00,0.000000E+00,0.000000E+00,0.000000E+00,2.099990E+01,5.115674E+01,2.399256E+01,6.036161E+01,1.611582E+03,7.913842E+03,8.318004E-02,7.759749E-01,0.000000E+00,0.000000E+00,0.000000E+00,0.000000E+00,0.000000E+00,0.000000E+00,0.000000E+00,0.000000E+00,2.099990E+01,5.093548E+01,2.399234E+01,5.614899E+01,2.290741E+03,8.870001E+03,1.182335E-01,8.697617E-01,0.000000E+00,0.000000E+00,0.000000E+00,0.000000E+00,0.000000E+00,0.000000E+00,0.000000E+00,0.000000E+00,2.099981E+01,5.061818E+01,2.399196E+01,5.581743E+01
15:40:00,2.338199E+03,5.194087E+03,1.206836E-01,5.092841E-01,0.000000E+00,0.000000E+00,0.000000E+00,0.000000E+00,0.000000E+00,0.000000E+00,0.000000E+00,0.000000E+00,2.099990E+01,5.115705E+01,2.399256E+01,6.037767E+01,1.611605E+03,7.903342E+03,8.318123E-02,7.749452E-01,0.000000E+00,0.000000E+00,0.000000E+00,0.000000E+00,0.000000E+00,0.000000E+00,0.000000E+00,0.000000E+00,2.099990E+01,5.093677E+01,2.399234E+01,5.616376E+01,2.290763E+03,8.869407E+03,1.182347E-01,8.697031E-01,0.000000E+00,0.000000E+00,0.000000E+00,0.000000E+00,0.000000E+00,0.000000E+00,0.000000E+00,0.000000E+00,2.099981E+01,5.061843E+01,2.399197E+01,5.582142E+01
15:50:00,2.338217E+03,5.186044E+03,1.206845E-01,5.084952E-01,0.000000E+00,0.000000E+00,0.000000E+00,0.000000E+00,0.000000E+00,0.000000E+00,0.000000E+00,0.000000E+00,2.099990E+01,5.115734E+01,2.399257E+01,6.039704E+01,1.611628E+03,7.891302E+03,8.318242E-02,7.737644E-01,0.000000E+00,0.000000E+00,0.000000E+00,0.000000E+00,0.000000E+00,0.000000E+00,0.000000E+00,0.000000E+00,2.099990E+01,5.093798E+01,2.399234E+01,5.617975E+01,2.290785E+03,8.867355E+03,1.182358E-01,8.695015E-01,0.000000E+00,0.000000E+00,0.000000E+00,0.000000E+00,0.000000E+00,0.000000E+00,0.000000E+00,0.000000E+00,2.099981E+01,5.061866E+01,2.399197E+01,5.582623E+01
16:00:00,2.338235E+03,5.176257E+03,1.206855E-01,5.075353E-01,0.000000E+00,0.000000E+00,0.000000E+00,0.000000E+00,0.000000E+00,0.000000E+00,0.000000E+00,0.000000E+00,2.099990E+01,5.115760E+01,2.399257E+01,6.041806E+01,1.611650E+03,7.877673E+03,8.318359E-02,7.724279E-01,0.000000E+00,0.000000E+00,0.000000E+00,0.000000E+00,0.000000E+00,0.000000E+00,0.000000E+00,0.000000E+00,2.099990E+01,5.093910E+01,2.399234E+01,5.619602E+01,2.290807E+03,8.863745E+03,1.182369E-01,8.691472E-01,0.000000E+00,0.000000E+00,0.000000E+00,0.000000E+00,0.000000E+00,0.000000E+00,0.000000E+00,0.000000E+00,2.099981E+01,5.061887E+01,2.399197E+01,5.583090E+01
16:10:00,2.338253E+03,5.165924E+03,1.206864E-01,5.065218E-01,0.000000E+00,0.000000E+00,0.000000E+00,0.000000E+00,0.000000E+00,0.000000E+00,0.000000E+00,0.000000E+00,2.099990E+01,5.115784E+01,2.399257E+01,6.043993E+01,1.611673E+03,7.863669E+03,8.318475E-02,7.710545E-01,0.000000E+00,0.000000E+00,0.000000E+00,0.000000E+00,0.000000E+00,0.000000E+00,0.000000E+00,0.000000E+00,2.099990E+01,5.094014E+01,2.399234E+01,5.621226E+01,2.290829E+03,8.859866E+03,1.182381E-01,8.687665E-01,0.000000E+00,0.000000E+00,0.000000E+00,0.000000E+00,0.000000E+00,0.000000E+00,0.000000E+00,0.000000E+00,2.099981E+01,5.061905E+01,2.399197E+01,5.583522E+01
16:20:00,2.338271E+03,5.154986E+03,1.206873E-01,5.054491E-01,0.000000E+00,0.000000E+00,0.000000E+00,0.000000E+00,0.000000E+00,0.000000E+00,0.000000E+00,0.000000E+00,2.099990E+01,5.115805E+01,2.399257E+01,6.046418E+01,1.611695E+03,7.849245E+03,8.318591E-02,7.696400E-01,0.000000E+00,0.000000E+00,0.000000E+00,0.000000E+00,0.000000E+00,0.000000E+00,0.000000E+00,0.000000E+00,2.099990E+01,5.094111E+01,2.399234E+01,5.622965E+01,2.290850E+03,8.855610E+03,1.182392E-01,8.683488E-01,0.000000E+00,0.000000E+00,0.000000E+00,0.000000E+00,0.000000E+00,0.000000E+00,0.000000E+00,0.000000E+00,2.099981E+01,5.061922E+01,2.399198E+01,5.584056E+01
16:30:00,2.338288E+03,5.143367E+03,1.206882E-01,5.043096E-01,0.000000E+00,0.000000E+00,0.000000E+00,0.000000E+00,0.000000E+00,0.000000E+00,0.000000E+00,0.000000E+00,2.099990E+01,5.115825E+01,2.399258E+01,6.049130E+01,1.611718E+03,7.834334E+03,8.318705E-02,7.681779E-01,0.000000E+00,0.000000E+00,0.000000E+00,0.000000E+00,0.000000E+00,0.000000E+00,0.000000E+00,0.000000E+00,2.099990E+01,5.094201E+01,2.399235E+01,5.624849E+01,2.290872E+03,8.850910E+03,1.182403E-01,8.678877E-01,0.000000E+00,0.000000E+00,0.000000E+00,0.000000E+00,0.000000E+00,0.000000E+00,0.000000E+00,0.000000E+00,2.099981E+01,5.061937E+01,2.399198E+01,5.584728E+01
16:40:00,2.338306E+03,5.130658E+03,1.206891E-01,5.030634E-01,0.000000E+00,0.000000E+00,0.000000E+00,0.000000E+00,0.000000E+00,0.000000E+00,0.000000E+00,0.000000E+00,2.099990E+01,5.115842E+01,2.399258E+01,6.052090E+01,1.611740E+03,7.818579E+03,8.318819E-02,7.666329E-01,0.000000E+00,0.000000E+00,0.000000E+00,0.000000E+00,0.000000E+00,0.000000E+00,0.000000E+00,0.000000E+00,2.099990E+01,5.094285E+01,2.399235E+01,5.626837E+01,2.290893E+03,8.845306E+03,1.182414E-01,8.673381E-01,0.000000E+00,0.000000E+00,0.000000E+00,0.000000E+00,0.000000E+00,0.000000E+00,0.000000E+00,0.000000E+00,2.099981E+01,5.061950E+01,2.399198E+01,5.585497E+01
16:50:00,2.338323E+03,5.116877E+03,1.206900E-01,5.017120E-01,0.000000E+00,0.000000E+00,0.000000E+00,0.000000E+00,0.000000E+00,0.000000E+00,0.000000E+00,0.000000E+00,2.099990E+01,5.115858E+01,2.399258E+01,6.055337E+01,1.611761E+03,7.802007E+03,8.318932E-02,7.650078E-01,0.000000E+00,0.000000E+00,0.000000E+00,0.000000E+00,0.000000E+00,0.000000E+00,0.000000E+00,0.000000E+00,2.099990E+01,5.094363E+01,2.399235E+01,5.628944E+01,2.290914E+03,8.838795E+03,1.182424E-01,8.666994E-01,0.000000E+00,0.000000E+00,0.000000E+00,0.000000E+00,0.000000E+00,0.000000E+00,0.000000E+00,0.000000E+00,2.099981E+01,5.061962E+01,2.399199E+01,5.586375E+01
17:00:00,2.338340E+03,5.102047E+03,1.206909E-01,5.002579E-01,0.000000E+00,0.000000E+00,0.000000E+00,0.000000E+00,0.000000E+00,0.000000E+00,0.000000E+00,0.000000E+00,2.099990E+01,5.115873E+01,2.399258E+01,6.058824E+01,1.611783E+03,7.784602E+03,8.319044E-02,7.633012E-01,0.000000E+00,0.000000E+00,0.000000E+00,0.000000E+00,0.000000E+00,0.000000E+00,0.000000E+00,0.000000E+00,2.099990E+01,5.094435E+01,2.399235E+01,5.631138E+01,2.290935E+03,8.831295E+03,1.182435E-01,8.659636E-01,0.000000E+00,0.000000E+00,0.000000E+00,0.000000E+00,0.000000E+00,0.000000E+00,0.000000E+00,0.000000E+00,2.099981E+01,5.061973E+01,2.399199E+01,5.587326E+01
17:10:00,2.338357E+03,5.086084E+03,1.206918E-01,4.986926E-01,0.000000E+00,0.000000E+00,0.000000E+00,0.000000E+00,0.000000E+00,0.000000E+00,0.000000E+00,0.000000E+00,2.099990E+01,5.115886E+01,2.399258E+01,6.062469E+01,1.611805E+03,7.766246E+03,8.319155E-02,7.615012E-01,0.000000E+00,0.000000E+00,0.000000E+00,0.000000E+00,0.000000E+00,0.000000E+00,0.000000E+00,0.000000E+00,2.099990E+01,5.094503E+01,2.399235E+01,5.633382E+01,2.290955E+03,8.822648E+03,1.182446E-01,8.651155E-01,0.000000E+00,0.000000E+00,0.000000E+00,0.000000E+00,0.000000E+00,0.000000E+00,0.000000E+00,0.000000E+00,2.099981E+01,5.061983E+01,2.399199E+01,5.588322E+01
17:20:00,2.338374E+03,5.068889E+03,1.206927E-01,4.970065E-01,0.000000E+00,0.000000E+00,0.000000E+00,0.000000E+00,0.000000E+00,0.000000E+00,0.000000E+00,0.000000E+00,2.099990E+01,5.115897E+01,2.399260E+01,6.066427E+01,1.611826E+03,7.746829E+03,8.319265E-02,7.595971E-01,0.000000E+00,0.000000E+00,0.000000E+00,0.000000E+00,0.000000E+00,0.000000E+00,0.000000E+00,0.000000E+00,2.099990E+01,5.094566E+01,2.399235E+01,5.635793E+01,2.290976E+03,8.812700E+03,1.182456E-01,8.641397E-01,0.000000E+00,0.000000E+00,0.000000E+00,0.000000E+00,0.000000E+00,0.000000E+00,0.000000E+00,0.000000E+00,2.099981E+01,5.061992E+01,2.399200E+01,5.589491E+01
17:30:00,2.338391E+03,5.050328E+03,1.206935E-01,4.951863E-01,0.000000E+00,0.000000E+00,0.000000E+00,0.000000E+00,0.000000E+00,0.000000E+00,0.000000E+00,0.000000E+00,2.099990E+01,5.115908E+01,2.399261E+01,6.070766E+01,1.611847E+03,7.726213E+03,8.319375E-02,7.575755E-01,0.000000E+00,0.000000E+00,0.000000E+00,0.000000E+00,0.000000E+00,0.000000E+00,0.000000E+00,0.000000E+00,2.099990E+01,5.094625E+01,2.399236E+01,5.638409E+01,2.290996E+03,8.801287E+03,1.182467E-01,8.630203E-01,0.000000E+00,0.000000E+00,0.000000E+00,0.000000E+00,0.000000E+00,0.000000E+00,0.000000E+00,0.000000E+00,2.099981E+01,5.062000E+01,2.399200E+01,5.590875E+01
17:40:00,2.338408E+03,5.030640E+03,1.206944E-01,4.932556E-01,0.000000E+00,0.000000E+00,0.000000E+00,0.000000E+00,0.000000E+00,0.000000E+00,0.000000E+00,0.000000E+00,2.099990E+01,5.115918E+01,2.399261E+01,6.075478E+01,1.611868E+03,7.704553E+03,8.319483E-02,7.554515E-01,0.000000E+00,0.000000E+00,0.000000E+00,0.000000E+00,0.000000E+00,0.000000E+00,0.000000E+00,0.000000E+00,2.099990E+01,5.094679E+01,2.399236E+01,5.641208E+01,2.291016E+03,8.788524E+03,1.182477E-01,8.617684E-01,0.000000E+00,0.000000E+00,0.000000E+00,0.000000E+00,0.000000E+00,0.000000E+00,0.000000E+00,0.000000E+00,2.099981E+01,5.062007E+01,2.399201E+01,5.592443E+01
17:50:00,2.338424E+03,5.009547E+03,1.206952E-01,4.911870E-01,0.000000E+00,0.000000E+00,0.000000E+00,0.000000E+00,0.000000E+00,0.000000E+00,0.000000E+00,0.000000E+00,2.099990E+01,5.115927E+01,2.399264E+01,6.080517E+01,1.611889E+03,7.681559E+03,8.319591E-02,7.531967E-01,0.000000E+00,0.000000E+00,0.000000E+00,0.000000E+00,0.000000E+00,0.000000E+00,0.000000E+00,0.000000E+00,2.099990E+01,5.094730E+01,2.399236E+01,5.644162E+01,2.291036E+03,8.774051E+03,1.182487E-01,8.603490E-01,0.000000E+00,0.000000E+00,0.000000E+00,0.000000E+00,0.000000E+00,0.000000E+00,0.000000E+00,0.000000E+00,2.099981E+01,5.062014E+01,2.399201E+01,5.594167E+01
18:00:00,2.338441E+03,4.986406E+03,1.206961E-01,4.889174E-01,0.000000E+00,0.000000E+00,0.000000E+00,0.000000E+00,0.000000E+00,0.000000E+00,0.000000E+00,0.000000E+00,2.099990E+01,5.115935E+01,2.399265E+01,6.085880E+01,1.611910E+03,7.656640E+03,8.319698E-02,7.507532E-01,0.000000E+00,0.000000E+00,0.000000E+00,0.000000E+00,0.000000E+00,0.000000E+00,0.000000E+00,0.000000E+00,2.099990E+01,5.094777E+01,2.399237E+01,5.647266E+01,2.291056E+03,8.757227E+03,1.182498E-01,8.586989E-01,0.000000E+00,0.000000E+00,0.000000E+00,0.000000E+00,0.000000E+00,0.000000E+00,0.000000E+00,0.000000E+00,2.099981E+01,5.062020E+01,2.399202E+01,5.596042E+01
18:10:00,2.416142E+03,4.960270E+03,1.247066E-01,4.863539E-01,0.000000E+00,0.000000E+00,0.000000E+00,0.000000E+00,0.000000E+00,0.000000E+00,0.000000E+00,0.000000E+00,2.099990E+01,5.115942E+01,2.399268E+01,6.091695E+01,1.689747E+03,7.628796E+03,8.721446E-02,7.480228E-01,0.000000E+00,0.000000E+00,0.000000E+00,0.000000E+00,0.000000E+00,0.000000E+00,0.000000E+00,0.000000E+00,2.099990E+01,5.094821E+01,2.399237E+01,5.650599E+01,2.464311E+03,8.736995E+03,1.271921E-01,8.567146E-01,0.000000E+00,0.000000E+00,0.000000E+00,0.000000E+00,0.000000E+00,0.000000E+00,0.000000E+00,0.000000E+00,2.099981E+01,5.062025E+01,2.399202E+01,5.598148E+01
18:20:00,2.493854E+03,4.931030E+03,1.287176E-01,4.834861E-01,0.000000E+00,0.000000E+00,0.000000E+00,0.000000E+00,0.000000E+00,0.000000E+00,0.000000E+00,0.000000E+00,2.099989E+01,5.109119E+01,2.399271E+01,6.098465E+01,1.767600E+03,7.597858E+03,9.123275E-02,7.449889E-01,0.000000E+00,0.000000E+00,0.000000E+00,0.000000E+00,0.000000E+00,0.000000E+00,0.000000E+00,0.000000E+00,2.099988E+01,5.088446E+01,2.399238E+01,5.654503E+01,2.637614E+03,8.713090E+03,1.361368E-01,8.543701E-01,0.000000E+00,0.000000E+00,0.000000E+00,0.000000E+00,0.000000E+00,0.000000E+00,0.000000E+00,0.000000E+00,2.099973E+01,5.050138E+01,2.399203E+01,5.600821E+01
18:30:00,2.571570E+03,4.898340E+03,1.327288E-01,4.802797E-01,0.000000E+00,0.000000E+00,0.000000E+00,0.000000E+00,0.000000E+00,0.000000E+00,0.000000E+00,0.000000E+00,2.099987E+01,5.098785E+01,2.399274E+01,6.106320E+01,1.845452E+03,7.563441E+03,9.525097E-02,7.416139E-01,0.000000E+00,0.000000E+00,0.000000E+00,0.000000E+00,0.000000E+00,0.000000E+00,0.000000E+00,0.000000E+00,2.099987E+01,5.078623E+01,2.399239E+01,5.659038E+01,2.810913E+03,8.685071E+03,1.450812E-01,8.516220E-01,0.000000E+00,0.000000E+00,0.000000E+00,0.000000E+00,0.000000E+00,0.000000E+00,0.000000E+00,0.000000E+00,2.099970E+01,5.032714E+01,2.399205E+01,5.604116E+01
18:40:00,2.649297E+03,4.862559E+03,1.367405E-01,4.767702E-01,0.000000E+00,0.000000E+00,0.000000E+00,0.000000E+00,0.000000E+00,0.000000E+00,0.000000E+00,0.000000E+00,2.099985E+01,5.088312E+01,2.399278E+01,6.115210E+01,1.923313E+03,7.525806E+03,9.926963E-02,7.379232E-01,0.000000E+00,0.000000E+00,0.000000E+00,0.000000E+00,0.000000E+00,0.000000E+00,0.000000E+00,0.000000E+00,2.099985E+01,5.068446E+01,2.399240E+01,5.664130E+01,2.984236E+03,8.653161E+03,1.540268E-01,8.484924E-01,0.000000E+00,0.000000E+00,0.000000E+00,0.000000E+00,0.000000E+00,0.000000E+00,0.000000E+00,0.000000E+00,2.099965E+01,5.015932E+01,2.399206E+01,5.607947E+01
18:50:00,2.727033E+03,4.824621E+03,1.407526E-01,4.730490E-01,0.000000E+00,0.000000E+00,0.000000E+00,0.000000E+00,0.000000E+00,0.000000E+00,0.000000E+00,0.000000E+00,2.099983E+01,5.079133E+01,2.399281E+01,6.124848E+01,2.001181E+03,7.485720E+03,1.032886E-01,7.339922E-01,0.000000E+00,0.000000E+00,0.000000E+00,0.000000E+00,0.000000E+00,0.000000E+00,0.000000E+00,0.000000E+00,2.099983E+01,5.059272E+01,2.399240E+01,5.669586E+01,3.157576E+03,8.618126E+03,1.629732E-01,8.450563E-01,0.000000E+00,0.000000E+00,0.000000E+00,0.000000E+00,0.000000E+00,0.000000E+00,0.000000E+00,0.000000E+00,2.099961E+01,5.002185E+01,2.399206E+01,5.612127E+01
19:00:00,2.804777E+03,4.785750E+03,1.447652E-01,4.692364E-01,0.000000E+00,0.000000E+00,0.000000E+00,0.000000E+00,0.000000E+00,0.000000E+00,0.000000E+00,0.000000E+00,2.099981E+01,5.071429E+01,2.399283E+01,6.134751E+01,2.079054E+03,7.444279E+03,1.073079E-01,7.299284E-01,0.000000E+00,0.000000E+00,0.000000E+00,0.000000E+00,0.000000E+00,0.000000E+00,0.000000E+00,0.000000E+00,2.099982E+01,5.051322E+01,2.399240E+01,5.675134E+01,3.330929E+03,8.581072E+03,1.719203E-01,8.414222E-01,0.000000E+00,0.000000E+00,0.000000E+00,0.000000E+00,0.000000E+00,0.000000E+00,0.000000E+00,0.000000E+00,2.099958E+01,4.991516E+01,2.399206E+01,5.616397E+01
19:10:00,2.804842E+03,4.749078E+03,1.447684E-01,4.656395E-01,0.000000E+00,0.000000E+00,0.000000E+00,0.000000E+00,0.000000E+00,0.000000E+00,0.000000E+00,0.000000E+00,2.099979E+01,5.064953E+01,2.399284E+01,6.144507E+01,2.079116E+03,7.404678E+03,1.073110E-01,7.260451E-01,0.000000E+00,0.000000E+00,0.000000E+00,0.000000E+00,0.000000E+00,0.000000E+00,0.000000E+00,0.000000E+00,2.099981E+01,5.044421E+01,2.399240E+01,5.680561E+01,3.331058E+03,8.545347E+03,1.719265E-01,8.379186E-01,0.000000E+00,0.000000E+00,0.000000E+00,0.000000E+00,0.000000E+00,0.000000E+00,0.000000E+00,0.000000E+00,2.099955E+01,4.983233E+01,2.399206E+01,5.620576E+01
19:20:00,2.804903E+03,4.714979E+03,1.447714E-01,4.622951E-01,0.000000E+00,0.000000E+00,0.000000E+00,0.000000E+00,0.000000E+00,0.000000E+00,0.000000E+00,0.000000E+00,2.099978E+01,5.059439E+01,2.399284E+01,6.153539E+01,2.079167E+03,7.367355E+03,1.073135E-01,7.223854E-01,0.000000E+00,0.000000E+00,0.000000E+00,0.000000E+00,0.000000E+00,0.000000E+00,0.000000E+00,0.000000E+00,2.099979E+01,5.038364E+01,2.399238E+01,5.685517E+01,3.331148E+03,8.511484E+03,1.719309E-01,8.345979E-01,0.000000E+00,0.000000E+00,0.000000E+00,0.000000E+00,0.000000E+00,0.000000E+00,0.000000E+00,0.000000E+00,2.099953E+01,4.976682E+01,2.399205E+01,5.624346E+01
19:30:00,2.804965E+03,4.684079E+03,1.447744E-01,4.592648E-01,0.000000E+00,0.000000E+00,0.000000E+00,0.000000E+00,0.000000E+00,0.000000E+00,0.000000E+00,0.000000E+00,2.099976E+01,5.054698E+01,2.399284E+01,6.161726E+01,2.079223E+03,7.332955E+03,1.073163E-01,7.190126E-01,0.000000E+00,0.000000E+00,0.000000E+00,0.000000E+00,0.000000E+00,0.000000E+00,0.000000E+00,0.000000E+00,2.099978E+01,5.033004E+01,2.399238E+01,5.689963E+01,3.331249E+03,8.480159E+03,1.719358E-01,8.315263E-01,0.000000E+00,0.000000E+00,0.000000E+00,0.000000E+00,0.000000E+00,0.000000E+00,0.000000E+00,0.000000E+00,2.099951E+01,4.971423E+01,2.399205E+01,5.627688E+01
19:40:00,2.805020E+03,4.656261E+03,1.447772E-01,4.565368E-01,0.000000E+00,0.000000E+00,0.000000E+00,0.000000E+00,0.000000E+00,0.000000E+00,0.000000E+00,0.000000E+00,2.099975E+01,5.050606E+01,2.399284E+01,6.169246E+01,2.079274E+03,7.301474E+03,1.073189E-01,7.159262E-01,0.000000E+00,0.000000E+00,0.000000E+00,0.000000E+00,0.000000E+00,0.000000E+00,0.000000E+00,0.000000E+00,2.099977E+01,5.028247E+01,2.399237E+01,5.694050E+01,3.331334E+03,8.451410E+03,1.719399E-01,8.287075E-01,0.000000E+00,0.000000E+00,0.000000E+00,0.000000E+00,0.000000E+00,0.000000E+00,0.000000E+00,0.000000E+00,2.099950E+01,4.967173E+01,2.399204E+01,5.630759E+01
19:50:00,2.805071E+03,4.630853E+03,1.447797E-01,4.540454E-01,0.000000E+00,0.000000E+00,0.000000E+00,0.000000E+00,0.000000E+00,0.000000E+00,0.000000E+00,0.000000E+00,2.099974E+01,5.047074E+01,2.399284E+01,6.176331E+01,2.079321E+03,7.272422E+03,1.073213E-01,7.130779E-01,0.000000E+00,0.000000E+00,0.000000E+00,0.000000E+00,0.000000E+00,0.000000E+00,0.000000E+00,0.000000E+00,2.099977E+01,5.024023E+01,2.399237E+01,5.697936E+01,3.331407E+03,8.424732E+03,1.719436E-01,8.260918E-01,0.000000E+00,0.000000E+00,0.000000E+00,0.000000E+00,0.000000E+00,0.000000E+00,0.000000E+00,0.000000E+00,2.099949E+01,4.963737E+01,2.399204E+01,5.633710E+01
20:00:00,2.805118E+03,4.607303E+03,1.447820E-01,4.517361E-01,0.000000E+00,0.000000E+00,0.000000E+00,0.000000E+00,0.000000E+00,0.000000E+00,0.000000E+00,0.000000E+00,2.099974E+01,5.044027E+01,2.399285E+01,6.183156E+01,2.079366E+03,7.245320E+03,1.073235E-01,7.104209E-01,0.000000E+00,0.000000E+00,0.000000E+00,0.000000E+00,0.000000E+00,0.000000E+00,0.000000E+00,0.000000E+00,2.099976E+01,5.020276E+01,2.399236E+01,5.701725E+01,3.331472E+03,8.399668E+03,1.719468E-01,8.236344E-01,0.000000E+00,0.000000E+00,0.000000E+00,0.000000E+00,0.000000E+00,0.000000E+00,0.000000E+00,0.000000E+00,2.099948E+01,4.960963E+01,2.399204E+01,5.636632E+01
20:10:00,2.805161E+03,4.584749E+03,1.447842E-01,4.495247E-01,0.000000E+00,0.000000E+00,0.000000E+00,0.000000E+00,0.000000E+00,0.000000E+00,0.000000E+00,0.000000E+00,2.099973E+01,5.041401E+01,2.399285E+01,6.189831E+01,2.079408E+03,7.219293E+03,1.073257E-01,7.078693E-01,0.000000E+00,0.000000E+00,0.000000E+00,0.000000E+00,0.000000E+00,0.000000E+00,0.000000E+00,0.000000E+00,2.099975E+01,5.016953E+01,2.399236E+01,5.705471E+01,3.331530E+03,8.375339E+03,1.719496E-01,8.212491E-01,0.000000E+00,0.000000E+00,0.000000E+00,0.000000E+00,0.000000E+00,0.000000E+00,0.000000E+00,0.000000E+00,2.099947E+01,4.958728E+01,2.399205E+01,5.639569E+01
20:20:00,2.805201E+03,4.563058E+03,1.447862E-01,4.473978E-01,0.000000E+00,0.000000E+00,0.000000E+00,0.000000E+00,0.000000E+00,0.000000E+00,0.000000E+00,0.000000E+00,2.099972E+01,5.039138E+01,2.399286E+01,6.196210E+01,2.079448E+03,7.194179E+03,1.073277E-01,7.054072E-01,0.000000E+00,0.000000E+00,0.000000E+00,0.000000E+00,0.000000E+00,0.000000E+00,0.000000E+00,0.000000E+00,2.099975E+01,5.014007E+01,2.399236E+01,5.709055E+01,3.331583E+03,8.351544E+03,1.719522E-01,8.189160E-01,0.000000E+00,0.000000E+00,0.000000E+00,0.000000E+00,0.000000E+00,0.000000E+00,0.000000E+00,0.000000E+00,2.099946E+01,4.956927E+01,2.399204E+01,5.642396E+01
20:30:00,2.805238E+03,4.542128E+03,1.447880E-01,4.453454E-01,0.000000E+00,0.000000E+00,0.000000E+00,0.000000E+00,0.000000E+00,0.000000E+00,0.000000E+00,0.000000E+00,2.099972E+01,5.037187E+01,2.399286E+01,6.202269E+01,2.079486E+03,7.169853E+03,1.073296E-01,7.030222E-01,0.000000E+00,0.000000E+00,0.000000E+00,0.000000E+00,0.000000E+00,0.000000E+00,0.000000E+00,0.000000E+00,2.099974E+01,5.011395E+01,2.399236E+01,5.712463E+01,3.331630E+03,8.328151E+03,1.719546E-01,8.166223E-01,0.000000E+00,0.000000E+00,0.000000E+00,0.000000E+00,0.000000E+00,0.000000E+00,0.000000E+00,0.000000E+00,2.099946E+01,4.955477E+01,2.399204E+01,5.645105E+01
20:40:00,2.805273E+03,4.521875E+03,1.447898E-01,4.433595E-01,0.000000E+00,0.000000E+00,0.000000E+00,0.000000E+00,0.000000E+00,0.000000E+00,0.000000E+00,0.000000E+00,2.099971E+01,5.035507E+01,2.399286E+01,6.208089E+01,2.079523E+03,7.146219E+03,1.073315E-01,7.007050E-01,0.000000E+00,0.000000E+00,0.000000E+00,0.000000E+00,0.000000E+00,0.000000E+00,0.000000E+00,0.000000E+00,2.099974E+01,5.009080E+01,2.399235E+01,5.715754E+01,3.331673E+03,8.305033E+03,1.719568E-01,8.143555E-01,0.000000E+00,0.000000E+00,0.000000E+00,0.000000E+00,0.000000E+00,0.000000E+00,0.000000E+00,0.000000E+00,2.099945E+01,4.954309E+01,2.399204E+01,5.647758E+01
20:50:00,2.805305E+03,4.502233E+03,1.447914E-01,4.414334E-01,0.000000E+00,0.000000E+00,0.000000E+00,0.000000E+00,0.000000E+00,0.000000E+00,0.000000E+00,0.000000E+00,2.099971E+01,5.034058E+01,2.399287E+01,6.213775E+01,2.079557E+03,7.123202E+03,1.073332E-01,6.984482E-01,0.000000E+00,0.000000E+00,0.000000E+00,0.000000E+00,0.000000E+00,0.000000E+00,0.000000E+00,0.000000E+00,2.099973E+01,5.007026E+01,2.399235E+01,5.718999E+01,3.331713E+03,8.282105E+03,1.719587E-01,8.121072E-01,0.000000E+00,0.000000E+00,0.000000E+00,0.000000E+00,0.000000E+00,0.000000E+00,0.000000E+00,0.000000E+00,2.099945E+01,4.953368E+01,2.399204E+01,5.650428E+01
21:00:00,2.805335E+03,4.483148E+03,1.447929E-01,4.395619E-01,0.000000E+00,0.000000E+00,0.000000E+00,0.000000E+00,0.000000E+00,0.000000E+00,0.000000E+00,0.000000E+00,2.099971E+01,5.032810E+01,2.399287E+01,6.219410E+01,2.079590E+03,7.100743E+03,1.073349E-01,6.962462E-01,0.000000E+00,0.000000E+00,0.000000E+00,0.000000E+00,0.000000E+00,0.000000E+00,0.000000E+00,0.000000E+00,2.099973E+01,5.005206E+01,2.399235E+01,5.722242E+01,3.331749E+03,8.259292E+03,1.719606E-01,8.098703E-01,0.000000E+00,0.000000E+00,0.000000E+00,0.000000E+00,0.000000E+00,0.000000E+00,0.000000E+00,0.000000E+00,2.099945E+01,4.952611E+01,2.399204E+01,5.653156E+01
21:10:00,2.805363E+03,4.463954E+03,1.447943E-01,4.376799E-01,0.000000E+00,0.000000E+00,0.000000E+00,0.000000E+00,0.000000E+00,0.000000E+00,0.000000E+00,0.000000E+00,2.099971E+01,5.031734E+01,2.399288E+01,6.225047E+01,2.079621E+03,7.078175E+03,1.073365E-01,6.940335E-01,0.000000E+00,0.000000E+00,0.000000E+00,0.000000E+00,0.000000E+00,0.000000E+00,0.000000E+00,0.000000E+00,2.099973E+01,5.003592E+01,2.399235E+01,5.725508E+01,3.331783E+03,8.235863E+03,1.719623E-01,8.075729E-01,0.000000E+00,0.000000E+00,0.000000E+00,0.000000E+00,0.000000E+00,0.000000E+00,0.000000E+00,0.000000E+00,2.099945E+01,4.952001E+01,2.399205E+01,5.655963E+01
21:20:00,2.805390E+03,4.444621E+03,1.447957E-01,4.357840E-01,0.000000E+00,0.000000E+00,0.000000E+00,0.000000E+00,0.000000E+00,0.000000E+00,0.000000E+00,0.000000E+00,2.099970E+01,5.030807E+01,2.399289E+01,6.230718E+01,2.079651E+03,7.055465E+03,1.073380E-01,6.918068E-01,0.000000E+00,0.000000E+00,0.000000E+00,0.000000E+00,0.000000E+00,0.000000E+00,0.000000E+00,0.000000E+00,2.099973E+01,5.002161E+01,2.399235E+01,5.728806E+01,3.331815E+03,8.211782E+03,1.719639E-01,8.052116E-01,0.000000E+00,0.000000E+00,0.000000E+00,0.000000E+00,0.000000E+00,0.000000E+00,0.000000E+00,0.000000E+00,2.099945E+01,4.951509E+01,2.399205E+01,5.658853E+01
21:30:00,2.805415E+03,4.425119E+03,1.447970E-01,4.338717E-01,0.000000E+00,0.000000E+00,0.000000E+00,0.000000E+00,0.000000E+00,0.000000E+00,0.000000E+00,0.000000E+00,2.099970E+01,5.030008E+01,2.399290E+01,6.236444E+01,2.079680E+03,7.032588E+03,1.073395E-01,6.895637E-01,0.000000E+00,0.000000E+00,0.000000E+00,0.000000E+00,0.000000E+00,0.000000E+00,0.000000E+00,0.000000E+00,2.099972E+01,5.000892E+01,2.399235E+01,5.732140E+01,3.331845E+03,8.187025E+03,1.719654E-01,8.027839E-01,0.000000E+00,0.000000E+00,0.000000E+00,0.000000E+00,0.000000E+00,0.000000E+00,0.000000E+00,0.000000E+00,2.099944E+01,4.951113E+01,2.399205E+01,5.661831E+01
21:40:00,2.805439E+03,4.405431E+03,1.447982E-01,4.319411E-01,0.000000E+00,0.000000E+00,0.000000E+00,0.000000E+00,0.000000E+00,0.000000E+00,0.000000E+00,0.000000E+00,2.099970E+01,5.029320E+01,2.399290E+01,6.242239E+01,2.079708E+03,7.009530E+03,1.073409E-01,6.873028E-01,0.000000E+00,0.000000E+00,0.000000E+00,0.000000E+00,0.000000E+00,0.000000E+00,0.000000E+00,0.000000E+00,2.099972E+01,4.999767E+01,2.399235E+01,5.735514E+01,3.331873E+03,8.161583E+03,1.719669E-01,8.002891E-01,0.000000E+00,0.000000E+00,0.000000E+00,0.000000E+00,0.000000E+00,0.000000E+00,0.000000E+00,0.000000E+00,2.099944E+01,4.950795E+01,2.399205E+01,5.664898E+01
21:50:00,2.805461E+03,4.385547E+03,1.447993E-01,4.299912E-01,0.000000E+00,0.000000E+00,0.000000E+00,0.000000E+00,0.000000E+00,0.000000E+00,0.000000E+00,0.000000E+00,2.099970E+01,5.028727E+01,2.399291E+01,6.248112E+01,2.079735E+03,6.986282E+03,1.073423E-01,6.850232E-01,0.000000E+00,0.000000E+00,0.000000E+00,0.000000E+00,0.000000E+00,0.000000E+00,0.000000E+00,0.000000E+00,2.099972E+01,4.998770E+01,2.399235E+01,5.738930E+01,3.331900E+03,8.135453E+03,1.719683E-01,7.977267E-01,0.000000E+00,0.000000E+00,0.000000E+00,0.000000E+00,0.000000E+00,0.000000E+00,0.000000E+00,0.000000E+00,2.099944E+01,4.950538E+01,2.399205E+01,5.668056E+01
22:00:00,2.805483E+03,4.365462E+03,1.448004E-01,4.280215E-01,0.000000E+00,0.000000E+00,0.000000E+00,0.000000E+00,0.000000E+00,0.000000E+00,0.000000E+00,0.000000E+00,2.099970E+01,5.028216E+01,2.399292E+01,6.254070E+01,2.079761E+03,6.962843E+03,1.073436E-01,6.827249E-01,0.000000E+00,0.000000E+00,0.000000E+00,0.000000E+00,0.000000E+00,0.000000E+00,0.000000E+00,0.000000E+00,2.099972E+01,4.997886E+01,2.399236E+01,5.742390E+01,3.331925E+03,8.108650E+03,1.719696E-01,7.950983E-01,0.000000E+00,0.000000E+00,0.000000E+00,0.000000E+00,0.000000E+00,0.000000E+00,0.000000E+00,0.000000E+00,2.099944E+01,4.950331E+01,2.399206E+01,5.671305E+01
22:10:00,2.805503E+03,3.629530E+03,1.448015E-01,3.558653E-01,0.000000E+00,0.000000E+00,0.000000E+00,0.000000E+00,0.000000E+00,0.000000E+00,0.000000E+00,0.000000E+00,2.099969E+01,5.027775E+01,2.469666E+01,6.058336E+01,2.079786E+03,5.836264E+03,1.073449E-01,5.714030E-01,0.000000E+00,0.000000E+00,0.000000E+00,0.000000E+00,0.000000E+00,0.000000E+00,0.000000E+00,0.000000E+00,2.099972E+01,4.997102E+01,2.525673E+01,5.389796E+01,3.331950E+03,6.931699E+03,1.719708E-01,6.759052E-01,0.000000E+00,0.000000E+00,0.000000E+00,0.000000E+00,0.000000E+00,0.000000E+00,0.000000E+00,0.000000E+00,2.099944E+01,4.950165E+01,2.546429E+01,5.319170E+01
22:20:00,2.805523E+03,2.896895E+03,1.448025E-01,2.840324E-01,0.000000E+00,0.000000E+00,0.000000E+00,0.000000E+00,0.000000E+00,0.000000E+00,0.000000E+00,0.000000E+00,2.099969E+01,5.027396E+01,2.516559E+01,5.946052E+01,2.079811E+03,4.947225E+03,1.073461E-01,4.786541E-01,0.000000E+00,0.000000E+00,0.000000E+00,0.000000E+00,0.000000E+00,0.000000E+00,0.000000E+00,0.000000E+00,2.099971E+01,4.996408E+01,2.615533E+01,5.159182E+01,3.331974E+03,6.023004E+03,1.719720E-01,5.776415E-01,0.000000E+00,0.000000E+00,0.000000E+00,0.000000E+00,0.000000E+00,0.000000E+00,0.000000E+00,0.000000E+00,2.099944E+01,4.950032E+01,2.632839E+01,5.138617E+01
22:30:00,2.805542E+03,2.167590E+03,1.448034E-01,2.125260E-01,0.000000E+00,0.000000E+00,0.000000E+00,0.000000E+00,0.000000E+00,0.000000E+00,0.000000E+00,0.000000E+00,2.099969E+01,5.027069E+01,2.540795E+01,5.901407E+01,2.079834E+03,4.217138E+03,1.073473E-01,3.980849E-01,0.000000E+00,0.000000E+00,0.000000E+00,0.000000E+00,0.000000E+00,0.000000E+00,0.000000E+00,0.000000E+00,2.099971E+01,4.995792E+01,2.655874E+01,5.059672E+01,3.331996E+03,5.267590E+03,1.719732E-01,4.912271E-01,0.000000E+00,0.000000E+00,0.000000E+00,0.000000E+00,0.000000E+00,0.000000E+00,0.000000E+00,0.000000E+00,2.099944E+01,4.949924E+01,2.661730E+01,5.086957E+01
22:40:00,2.805560E+03,1.441650E+03,1.448044E-01,1.413496E-01,0.000000E+00,0.000000E+00,0.000000E+00,0.000000E+00,0.000000E+00,0.000000E+00,0.000000E+00,0.000000E+00,2.099969E+01,5.026787E+01,2.585275E+01,5.842041E+01,2.079857E+03,3.545896E+03,1.073485E-01,3.220874E-01,0.000000E+00,0.000000E+00,0.000000E+00,0.000000E+00,0.000000E+00,0.000000E+00,0.000000E+00,0.000000E+00,2.099971E+01,4.995246E+01,2.669768E+01,4.999508E+01,3.332018E+03,4.572328E+03,1.719743E-01,4.093944E-01,0.000000E+00,0.000000E+00,0.000000E+00,0.000000E+00,0.000000E+00,0.000000E+00,0.000000E+00,0.000000E+00,2.099944E+01,4.949837E+01,2.669580E+01,5.086858E+01
22:50:00,2.805578E+03,7.191090E+02,1.448053E-01,7.050652E-02,0.000000E+00,0.000000E+00,0.000000E+00,0.000000E+00,0.000000E+00,0.000000E+00,0.000000E+00,0.000000E+00,2.099969E+01,5.026544E+01,2.626290E+01,5.835104E+01,2.079880E+03,2.939866E+03,1.073497E-01,2.512044E-01,0.000000E+00,0.000000E+00,0.000000E+00,0.000000E+00,0.000000E+00,0.000000E+00,0.000000E+00,0.000000E+00,2.099971E+01,4.994762E+01,2.669773E+01,4.950737E+01,3.332040E+03,3.927489E+03,1.719754E-01,3.315470E-01,0.000000E+00,0.000000E+00,0.000000E+00,0.000000E+00,0.000000E+00,0.000000E+00,0.000000E+00,0.000000E+00,2.099944E+01,4.949768E+01,2.669647E+01,5.099738E+01
23:00:00,2.805595E+03,0.000000E+00,1.448061E-01,0.000000E+00,0.000000E+00,0.000000E+00,0.000000E+00,0.000000E+00,0.000000E+00,0.000000E+00,0.000000E+00,0.000000E+00,2.099969E+01,5.026335E+01,2.641791E+01,5.894166E+01,2.079901E+03,2.348484E+03,1.073508E-01,1.815353E-01,0.000000E+00,0.000000E+00,0.000000E+00,0.000000E+00,0.000000E+00,0.000000E+00,0.000000E+00,0.000000E+00,2.099971E+01,4.994333E+01,2.669763E+01,4.911350E+01,3.332061E+03,3.295799E+03,1.719765E-01,2.548141E-01,0.000000E+00,0.000000E+00,0.000000E+00,0.000000E+00,0.000000E+00,0.000000E+00,0.000000E+00,0.000000E+00,2.099944E+01,4.949712E+01,2.669634E+01,5.104793E+01
23:10:00,2.805611E+03,0.000000E+00,1.448070E-01,0.000000E+00,0.000000E+00,0.000000E+00,0.000000E+00,0.000000E+00,0.000000E+00,0.000000E+00,0.000000E+00,0.000000E+00,2.099969E+01,5.026155E+01,2.649365E+01,5.960305E+01,2.079923E+03,2.871330E+03,1.073519E-01,2.218308E-01,0.000000E+00,0.000000E+00,0.000000E+00,0.000000E+00,0.000000E+00,0.000000E+00,0.000000E+00,0.000000E+00,2.099971E+01,4.993953E+01,2.669603E+01,4.881723E+01,3.332081E+03,3.822865E+03,1.719776E-01,2.954092E-01,0.000000E+00,0.000000E+00,0.000000E+00,0.000000E+00,0.000000E+00,0.000000E+00,0.000000E+00,0.000000E+00,2.099944E+01,4.949667E+01,2.669361E+01,5.105918E+01
23:20:00,2.805627E+03,0.000000E+00,1.448078E-01,0.000000E+00,0.000000E+00,0.000000E+00,0.000000E+00,0.000000E+00,0.000000E+00,0.000000E+00,0.000000E+00,0.000000E+00,2.099969E+01,5.026000E+01,2.657961E+01,6.047819E+01,2.079943E+03,3.167928E+03,1.073529E-01,2.445055E-01,0.000000E+00,0.000000E+00,0.000000E+00,0.000000E+00,0.000000E+00,0.000000E+00,0.000000E+00,0.000000E+00,2.099971E+01,4.993615E+01,2.669597E+01,4.847424E+01,3.332101E+03,4.092029E+03,1.719786E-01,3.159655E-01,0.000000E+00,0.000000E+00,0.000000E+00,0.000000E+00,0.000000E+00,0.000000E+00,0.000000E+00,0.000000E+00,2.099944E+01,4.949631E+01,2.669329E+01,5.104623E+01
23:30:00,2.805643E+03,2.889987E+01,1.448086E-01,2.235591E-03,0.000000E+00,0.000000E+00,0.000000E+00,0.000000E+00,0.000000E+00,0.000000E+00,0.000000E+00,0.000000E+00,2.099969E+01,5.025866E+01,2.666574E+01,6.129180E+01,2.079964E+03,3.315461E+03,1.073540E-01,2.558444E-01,0.000000E+00,0.000000E+00,0.000000E+00,0.000000E+00,0.000000E+00,0.000000E+00,0.000000E+00,0.000000E+00,2.099971E+01,4.993317E+01,2.669603E+01,4.818681E+01,3.332120E+03,4.216805E+03,1.719796E-01,3.254509E-01,0.000000E+00,0.000000E+00,0.000000E+00,0.000000E+00,0.000000E+00,0.000000E+00,0.000000E+00,0.000000E+00,2.099944E+01,4.949602E+01,2.669325E+01,5.101756E+01
23:40:00,2.805658E+03,7.289432E+01,1.448094E-01,5.629805E-03,0.000000E+00,0.000000E+00,0.000000E+00,0.000000E+00,0.000000E+00,0.000000E+00,0.000000E+00,0.000000E+00,2.099969E+01,5.025751E+01,2.669947E+01,6.211266E+01,2.079984E+03,3.413540E+03,1.073550E-01,2.634182E-01,0.000000E+00,0.000000E+00,0.000000E+00,0.000000E+00,0.000000E+00,0.000000E+00,0.000000E+00,0.000000E+00,2.099971E+01,4.993052E+01,2.669609E+01,4.794546E+01,3.332139E+03,4.289790E+03,1.719806E-01,3.310950E-01,0.000000E+00,0.000000E+00,0.000000E+00,0.000000E+00,0.000000E+00,0.000000E+00,0.000000E+00,0.000000E+00,2.099944E+01,4.949579E+01,2.669323E+01,5.098093E+01
23:50:00,2.805673E+03,1.251352E+02,1.448101E-01,9.660275E-03,0.000000E+00,0.000000E+00,0.000000E+00,0.000000E+00,0.000000E+00,0.000000E+00,0.000000E+00,0.000000E+00,2.099969E+01,5.025652E+01,2.669935E+01,6.286198E+01,2.080003E+03,3.455230E+03,1.073560E-01,2.666407E-01,0.000000E+00,0.000000E+00,0.000000E+00,0.000000E+00,0.000000E+00,0.000000E+00,0.000000E+00,0.000000E+00,2.099971E+01,4.992817E+01,2.669616E+01,4.774189E+01,3.332158E+03,4.320221E+03,1.719815E-01,3.334578E-01,0.000000E+00,0.000000E+00,0.000000E+00,0.000000E+00,0.000000E+00,0.000000E+00,0.000000E+00,0.000000E+00,2.099944E+01,4.949560E+01,2.669322E+01,5.094098E+01
24:00:00,2.805687E+03,1.901308E+02,1.448109E-01,1.467486E-02,0.000000E+00,0.000000E+00,0.000000E+00,0.000000E+00,0.000000E+00,0.000000E+00,0.000000E+00,0.000000E+00,2.099969E+01,5.025567E+01,2.669920E+01,6.346166E+01,2.080023E+03,3.490606E+03,1.073570E-01,2.693755E-01,0.000000E+00,0.000000E+00,0.000000E+00,0.000000E+00,0.000000E+00,0.000000E+00,0.000000E+00,0.000000E+00,2.099971E+01,4.992609E+01,2.669621E+01,4.756972E+01,3.332176E+03,4.344880E+03,1.719825E-01,3.353747E-01,0.000000E+00,0.000000E+00,0.000000E+00,0.000000E+00,0.000000E+00,0.000000E+00,0.000000E+00,0.000000E+00,2.099944E+01,4.949546E+01,2.669320E+01,5.090085E+01
Peak,2.805687E+03,5.209996E+03,1.448109E-01,5.108451E-01,0.000000E+00,0.000000E+00,0.000000E+00,0.000000E+00,0.000000E+00,0.000000E+00,0.000000E+00,0.000000E+00,,,,,2.080023E+03,7.979219E+03,1.073570E-01,7.569473E-01,0.000000E+00,0.000000E+00,0.000000E+00,0.000000E+00,0.000000E+00,0.000000E+00,0.000000E+00,0.000000E+00,,,,,3.332176E+03,9.012617E+03,1.719825E-01,8.836857E-01,0.000000E+00,0.000000E+00,0.000000E+00,0.000000E+00,0.000000E+00,0.000000E+00,0.000000E+00,0.000000E+00,,,,

Peak Vol Flow (m3/s),,,1.203296E-01,4.244831E-01,,,0.000000E+00,0.000000E+00,,,,,,,,,,,8.920754E-02,6.289799E-01,,,0.000000E+00,0.000000E+00,,,,,,,,,,,1.429076E-01,7.342923E-01,,,0.000000E+00,0.000000E+00,,,,,,,,
