Time,ROOM 2::Des Heat Load [W],ROOM 2:BANGKOK ANN CLG .4% CONDNS DB=>MWB:Des Sens Cool Load [W],ROOM 2::Des Heat Mass Flow [kg/s],ROOM 2:BANGKOK ANN CLG .4% CONDNS DB=>MWB:Des Cool Mass Flow [kg/s],ROOM 2::Des Latent Heat Load [W],ROOM 2::Des Latent Cool Load [W],ROOM 2::Des Latent Heat Mass Flow [kg/s],ROOM 2::Des Latent Cool Mass Flow [kg/s],ROOM 2::Des Heat Load No DOAS [W],ROOM 2::Des Sens Cool Load No DOAS [W],ROOM 2::Des Latent Heat Load No DOAS [W],ROOM 2::Des Latent Cool Load No DOAS [W],ROOM 2::Heating Zone Temperature [C],ROOM 2::Heating Zone Relative Humidity [%],ROOM 2:BANGKOK ANN CLG .4% CONDNS DB=>MWB:Cooling Zone Temperature [C],ROOM 2:BANGKOK ANN CLG .4% CONDNS DB=>MWB:Cooling Zone Relative Humidity [%],ROOM 3::Des Heat Load [W],ROOM 3:BANGKOK ANN CLG .4% CONDNS DB=>MWB:Des Sens Cool Load [W],ROOM 3::Des Heat Mass Flow [kg/s],ROOM 3:BANGKOK ANN CLG .4% CONDNS DB=>MWB:Des Cool Mass Flow [kg/s],ROOM 3::Des Latent Heat Load [W],ROOM 3::Des Latent Cool Load [W],ROOM 3::Des Latent Heat Mass Flow [kg/s],ROOM 3::Des Latent Cool Mass Flow [kg/s],ROOM 3::Des Heat Load No DOAS [W],ROOM 3::Des Sens Cool Load No DOAS [W],ROOM 3::Des Latent Heat Load No DOAS [W],ROOM 3::Des Latent Cool Load No DOAS [W],ROOM 3::Heating Zone Temperature [C],ROOM 3::Heating Zone Relative Humidity [%],ROOM 3:BANGKOK ANN CLG .4% CONDNS DB=>MWB:Cooling Zone Temperature [C],ROOM 3:BANGKOK ANN CLG .4% CONDNS DB=>MWB:Cooling Zone Relative Humidity [%]
00:10:00,0.000000E+00,3.697984E+02,0.000000E+00,2.854144E-02,0.000000E+00,0.000000E+00,0.000000E+00,0.000000E+00,0.000000E+00,0.000000E+00,0.000000E+00,0.000000E+00,0.000000E+00,0.000000E+00,2.669428E+01,5.922891E+01,0.000000E+00,3.766598E+02,0.000000E+00,2.907118E-02,0.000000E+00,0.000000E+00,0.000000E+00,0.000000E+00,0.000000E+00,0.000000E+00,0.000000E+00,0.000000E+00,0.000000E+00,0.000000E+00,2.669421E+01,5.903881E+01
00:20:00,0.000000E+00,3.704726E+02,0.000000E+00,2.859371E-02,0.000000E+00,0.000000E+00,0.000000E+00,0.000000E+00,0.000000E+00,0.000000E+00,0.000000E+00,0.000000E+00,0.000000E+00,0.000000E+00,2.669434E+01,5.918386E+01,0.000000E+00,3.771730E+02,0.000000E+00,2.911102E-02,0.000000E+00,0.000000E+00,0.000000E+00,0.000000E+00,0.000000E+00,0.000000E+00,0.000000E+00,0.000000E+00,0.000000E+00,0.000000E+00,2.669427E+01,5.899531E+01
00:30:00,0.000000E+00,3.700861E+02,0.000000E+00,2.856400E-02,0.000000E+00,0.000000E+00,0.000000E+00,0.000000E+00,0.000000E+00,0.000000E+00,0.000000E+00,0.000000E+00,0.000000E+00,0.000000E+00,2.669435E+01,5.911373E+01,0.000000E+00,3.766447E+02,0.000000E+00,2.907037E-02,0.000000E+00,0.000000E+00,0.000000E+00,0.000000E+00,0.000000E+00,0.000000E+00,0.000000E+00,0.000000E+00,0.000000E+00,0.000000E+00,2.669428E+01,5.892686E+01
00:40:00,0.000000E+00,3.688657E+02,0.000000E+00,2.846985E-02,0.000000E+00,0.000000E+00,0.000000E+00,0.000000E+00,0.000000E+00,0.000000E+00,0.000000E+00,0.000000E+00,0.000000E+00,0.000000E+00,2.669438E+01,5.905405E+01,0.000000E+00,3.752970E+02,0.000000E+00,2.896638E-02,0.000000E+00,0.000000E+00,0.000000E+00,0.000000E+00,0.000000E+00,0.000000E+00,0.000000E+00,0.000000E+00,0.000000E+00,0.000000E+00,2.669431E+01,5.886915E+01
00:50:00,0.000000E+00,3.669439E+02,0.000000E+00,2.832151E-02,0.000000E+00,0.000000E+00,0.000000E+00,0.000000E+00,0.000000E+00,0.000000E+00,0.000000E+00,0.000000E+00,0.000000E+00,0.000000E+00,2.669441E+01,5.901890E+01,0.000000E+00,3.732597E+02,0.000000E+00,2.880913E-02,0.000000E+00,0.000000E+00,0.000000E+00,0.000000E+00,0.000000E+00,0.000000E+00,0.000000E+00,0.000000E+00,0.000000E+00,0.000000E+00,2.669435E+01,5.883623E+01
01:00:00,0.000000E+00,3.644569E+02,0.000000E+00,2.812950E-02,0.000000E+00,0.000000E+00,0.000000E+00,0.000000E+00,0.000000E+00,0.000000E+00,0.000000E+00,0.000000E+00,0.000000E+00,0.000000E+00,2.669445E+01,5.900871E+01,0.000000E+00,3.706665E+02,0.000000E+00,2.860892E-02,0.000000E+00,0.000000E+00,0.000000E+00,0.000000E+00,0.000000E+00,0.000000E+00,0.000000E+00,0.000000E+00,0.000000E+00,0.000000E+00,2.669439E+01,5.882836E+01
01:10:00,0.000000E+00,3.629248E+02,0.000000E+00,2.801117E-02,0.000000E+00,0.000000E+00,0.000000E+00,0.000000E+00,0.000000E+00,0.000000E+00,0.000000E+00,0.000000E+00,0.000000E+00,0.000000E+00,2.669449E+01,5.901991E+01,0.000000E+00,3.690378E+02,0.000000E+00,2.848313E-02,0.000000E+00,0.000000E+00,0.000000E+00,0.000000E+00,0.000000E+00,0.000000E+00,0.000000E+00,0.000000E+00,0.000000E+00,0.000000E+00,2.669443E+01,5.884179E+01
01:20:00,0.000000E+00,3.610632E+02,0.000000E+00,2.786743E-02,0.000000E+00,0.000000E+00,0.000000E+00,0.000000E+00,0.000000E+00,0.000000E+00,0.000000E+00,0.000000E+00,0.000000E+00,0.000000E+00,2.669452E+01,5.904548E+01,0.000000E+00,3.670855E+02,0.000000E+00,2.833237E-02,0.000000E+00,0.000000E+00,0.000000E+00,0.000000E+00,0.000000E+00,0.000000E+00,0.000000E+00,0.000000E+00,0.000000E+00,0.000000E+00,2.669446E+01,5.886947E+01
01:30:00,0.000000E+00,3.589340E+02,0.000000E+00,2.770302E-02,0.000000E+00,0.000000E+00,0.000000E+00,0.000000E+00,0.000000E+00,0.000000E+00,0.000000E+00,0.000000E+00,0.000000E+00,0.000000E+00,2.669455E+01,5.908154E+01,0.000000E+00,3.648702E+02,0.000000E+00,2.816132E-02,0.000000E+00,0.000000E+00,0.000000E+00,0.000000E+00,0.000000E+00,0.000000E+00,0.000000E+00,0.000000E+00,0.000000E+00,0.000000E+00,2.669449E+01,5.890749E+01
01:40:00,0.000000E+00,3.565934E+02,0.000000E+00,2.752229E-02,0.000000E+00,0.000000E+00,0.000000E+00,0.000000E+00,0.000000E+00,0.000000E+00,0.000000E+00,0.000000E+00,0.000000E+00,0.000000E+00,2.669458E+01,5.912664E+01,0.000000E+00,3.624469E+02,0.000000E+00,2.797421E-02,0.000000E+00,0.000000E+00,0.000000E+00,0.000000E+00,0.000000E+00,0.000000E+00,0.000000E+00,0.000000E+00,0.000000E+00,0.000000E+00,2.669452E+01,5.895437E+01
01:50:00,0.000000E+00,3.540822E+02,0.000000E+00,2.732840E-02,0.000000E+00,0.000000E+00,0.000000E+00,0.000000E+00,0.000000E+00,0.000000E+00,0.000000E+00,0.000000E+00,0.000000E+00,0.000000E+00,2.669462E+01,5.918046E+01,0.000000E+00,3.598561E+02,0.000000E+00,2.777417E-02,0.000000E+00,0.000000E+00,0.000000E+00,0.000000E+00,0.000000E+00,0.000000E+00,0.000000E+00,0.000000E+00,0.000000E+00,0.000000E+00,2.669456E+01,5.900982E+01
02:00:00,0.000000E+00,3.514444E+02,0.000000E+00,2.712474E-02,0.000000E+00,0.000000E+00,0.000000E+00,0.000000E+00,0.000000E+00,0.000000E+00,0.000000E+00,0.000000E+00,0.000000E+00,0.000000E+00,2.669465E+01,5.924267E+01,0.000000E+00,3.571407E+02,0.000000E+00,2.756452E-02,0.000000E+00,0.000000E+00,0.000000E+00,0.000000E+00,0.000000E+00,0.000000E+00,0.000000E+00,0.000000E+00,0.000000E+00,0.000000E+00,2.669459E+01,5.907349E+01
02:10:00,0.000000E+00,3.486423E+02,0.000000E+00,2.690841E-02,0.000000E+00,0.000000E+00,0.000000E+00,0.000000E+00,0.000000E+00,0.000000E+00,0.000000E+00,0.000000E+00,0.000000E+00,0.000000E+00,2.669469E+01,5.931291E+01,0.000000E+00,3.542628E+02,0.000000E+00,2.734233E-02,0.000000E+00,0.000000E+00,0.000000E+00,0.000000E+00,0.000000E+00,0.000000E+00,0.000000E+00,0.000000E+00,0.000000E+00,0.000000E+00,2.669463E+01,5.914505E+01
02:20:00,0.000000E+00,3.457088E+02,0.000000E+00,2.668193E-02,0.000000E+00,0.000000E+00,0.000000E+00,0.000000E+00,0.000000E+00,0.000000E+00,0.000000E+00,0.000000E+00,0.000000E+00,0.000000E+00,2.669472E+01,5.938890E+01,0.000000E+00,3.512548E+02,0.000000E+00,2.711009E-02,0.000000E+00,0.000000E+00,0.000000E+00,0.000000E+00,0.000000E+00,0.000000E+00,0.000000E+00,0.000000E+00,0.000000E+00,0.000000E+00,2.669467E+01,5.922224E+01
02:30:00,0.000000E+00,3.426654E+02,0.000000E+00,2.644696E-02,0.000000E+00,0.000000E+00,0.000000E+00,0.000000E+00,0.000000E+00,0.000000E+00,0.000000E+00,0.000000E+00,0.000000E+00,0.000000E+00,2.669475E+01,5.946940E+01,0.000000E+00,3.481378E+02,0.000000E+00,2.686945E-02,0.000000E+00,0.000000E+00,0.000000E+00,0.000000E+00,0.000000E+00,0.000000E+00,0.000000E+00,0.000000E+00,0.000000E+00,0.000000E+00,2.669470E+01,5.930384E+01
02:40:00,0.000000E+00,3.395364E+02,0.000000E+00,2.620540E-02,0.000000E+00,0.000000E+00,0.000000E+00,0.000000E+00,0.000000E+00,0.000000E+00,0.000000E+00,0.000000E+00,0.000000E+00,0.000000E+00,2.669479E+01,5.955403E+01,0.000000E+00,3.449359E+02,0.000000E+00,2.662225E-02,0.000000E+00,0.000000E+00,0.000000E+00,0.000000E+00,0.000000E+00,0.000000E+00,0.000000E+00,0.000000E+00,0.000000E+00,0.000000E+00,2.669473E+01,5.938947E+01
02:50:00,0.000000E+00,3.363383E+02,0.000000E+00,2.595850E-02,0.000000E+00,0.000000E+00,0.000000E+00,0.000000E+00,0.000000E+00,0.000000E+00,0.000000E+00,0.000000E+00,0.000000E+00,0.000000E+00,2.669483E+01,5.964282E+01,0.000000E+00,3.416655E+02,0.000000E+00,2.636977E-02,0.000000E+00,0.000000E+00,0.000000E+00,0.000000E+00,0.000000E+00,0.000000E+00,0.000000E+00,0.000000E+00,0.000000E+00,0.000000E+00,2.669477E+01,5.947919E+01
03:00:00,0.000000E+00,3.330898E+02,0.000000E+00,2.570771E-02,0.000000E+00,0.000000E+00,0.000000E+00,0.000000E+00,0.000000E+00,0.000000E+00,0.000000E+00,0.000000E+00,0.000000E+00,0.000000E+00,2.669486E+01,5.973577E+01,0.000000E+00,3.383451E+02,0.000000E+00,2.611343E-02,0.000000E+00,0.000000E+00,0.000000E+00,0.000000E+00,0.000000E+00,0.000000E+00,0.000000E+00,0.000000E+00,0.000000E+00,0.000000E+00,2.669481E+01,5.957302E+01
03:10:00,0.000000E+00,3.297362E+02,0.000000E+00,2.544881E-02,0.000000E+00,0.000000E+00,0.000000E+00,0.000000E+00,0.000000E+00,0.000000E+00,0.000000E+00,0.000000E+00,0.000000E+00,0.000000E+00,2.669490E+01,5.983284E+01,0.000000E+00,3.349200E+02,0.000000E+00,2.584900E-02,0.000000E+00,0.000000E+00,0.000000E+00,0.000000E+00,0.000000E+00,0.000000E+00,0.000000E+00,0.000000E+00,0.000000E+00,0.000000E+00,2.669485E+01,5.967089E+01
03:20:00,0.000000E+00,3.262926E+02,0.000000E+00,2.518297E-02,0.000000E+00,0.000000E+00,0.000000E+00,0.000000E+00,0.000000E+00,0.000000E+00,0.000000E+00,0.000000E+00,0.000000E+00,0.000000E+00,2.669494E+01,5.993386E+01,0.000000E+00,3.314050E+02,0.000000E+00,2.557764E-02,0.000000E+00,0.000000E+00,0.000000E+00,0.000000E+00,0.000000E+00,0.000000E+00,0.000000E+00,0.000000E+00,0.000000E+00,0.000000E+00,2.669489E+01,5.977268E+01
03:30:00,0.000000E+00,3.227687E+02,0.000000E+00,2.491092E-02,0.000000E+00,0.000000E+00,0.000000E+00,0.000000E+00,0.000000E+00,0.000000E+00,0.000000E+00,0.000000E+00,0.000000E+00,0.000000E+00,2.669498E+01,6.003867E+01,0.000000E+00,3.278099E+02,0.000000E+00,2.530010E-02,0.000000E+00,0.000000E+00,0.000000E+00,0.000000E+00,0.000000E+00,0.000000E+00,0.000000E+00,0.000000E+00,0.000000E+00,0.000000E+00,2.669493E+01,5.987821E+01
03:40:00,0.000000E+00,3.191758E+02,0.000000E+00,2.463355E-02,0.000000E+00,0.000000E+00,0.000000E+00,0.000000E+00,0.000000E+00,0.000000E+00,0.000000E+00,0.000000E+00,0.000000E+00,0.000000E+00,2.669502E+01,6.014708E+01,0.000000E+00,3.241460E+02,0.000000E+00,2.501725E-02,0.000000E+00,0.000000E+00,0.000000E+00,0.000000E+00,0.000000E+00,0.000000E+00,0.000000E+00,0.000000E+00,0.000000E+00,0.000000E+00,2.669497E+01,5.998730E+01
03:50:00,0.000000E+00,3.155219E+02,0.000000E+00,2.435147E-02,0.000000E+00,0.000000E+00,0.000000E+00,0.000000E+00,0.000000E+00,0.000000E+00,0.000000E+00,0.000000E+00,0.000000E+00,0.000000E+00,2.669506E+01,6.025892E+01,0.000000E+00,3.204212E+02,0.000000E+00,2.472970E-02,0.000000E+00,0.000000E+00,0.000000E+00,0.000000E+00,0.000000E+00,0.000000E+00,0.000000E+00,0.000000E+00,0.000000E+00,0.000000E+00,2.669501E+01,6.009979E+01
04:00:00,0.000000E+00,3.118161E+02,0.000000E+00,2.406540E-02,0.000000E+00,0.000000E+00,0.000000E+00,0.000000E+00,0.000000E+00,0.000000E+00,0.000000E+00,0.000000E+00,0.000000E+00,0.000000E+00,2.669510E+01,6.037401E+01,0.000000E+00,3.166447E+02,0.000000E+00,2.443816E-02,0.000000E+00,0.000000E+00,0.000000E+00,0.000000E+00,0.000000E+00,0.000000E+00,0.000000E+00,0.000000E+00,0.000000E+00,0.000000E+00,2.669505E+01,6.021551E+01
04:10:00,0.000000E+00,3.081324E+02,0.000000E+00,2.378102E-02,0.000000E+00,0.000000E+00,0.000000E+00,0.000000E+00,0.000000E+00,0.000000E+00,0.000000E+00,0.000000E+00,0.000000E+00,0.000000E+00,2.669514E+01,6.049219E+01,0.000000E+00,3.128905E+02,0.000000E+00,2.414833E-02,0.000000E+00,0.000000E+00,0.000000E+00,0.000000E+00,0.000000E+00,0.000000E+00,0.000000E+00,0.000000E+00,0.000000E+00,0.000000E+00,2.669509E+01,6.033429E+01
04:20:00,0.000000E+00,3.044777E+02,0.000000E+00,2.349888E-02,0.000000E+00,0.000000E+00,0.000000E+00,0.000000E+00,0.000000E+00,0.000000E+00,0.000000E+00,0.000000E+00,0.000000E+00,0.000000E+00,2.669517E+01,6.061149E+01,0.000000E+00,3.091653E+02,0.000000E+00,2.386076E-02,0.000000E+00,0.000000E+00,0.000000E+00,0.000000E+00,0.000000E+00,0.000000E+00,0.000000E+00,0.000000E+00,0.000000E+00,0.000000E+00,2.669512E+01,6.045421E+01
04:30:00,0.000000E+00,3.008573E+02,0.000000E+00,2.321940E-02,0.000000E+00,0.000000E+00,0.000000E+00,0.000000E+00,0.000000E+00,0.000000E+00,0.000000E+00,0.000000E+00,0.000000E+00,0.000000E+00,2.669521E+01,6.073097E+01,0.000000E+00,3.054747E+02,0.000000E+00,2.357585E-02,0.000000E+00,0.000000E+00,0.000000E+00,0.000000E+00,0.000000E+00,0.000000E+00,0.000000E+00,0.000000E+00,0.000000E+00,0.000000E+00,2.669516E+01,6.057430E+01
04:40:00,0.000000E+00,2.972773E+02,0.000000E+00,2.294303E-02,0.000000E+00,0.000000E+00,0.000000E+00,0.000000E+00,0.000000E+00,0.000000E+00,0.000000E+00,0.000000E+00,0.000000E+00,0.000000E+00,2.669524E+01,6.085064E+01,0.000000E+00,3.018247E+02,0.000000E+00,2.329408E-02,0.000000E+00,0.000000E+00,0.000000E+00,0.000000E+00,0.000000E+00,0.000000E+00,0.000000E+00,0.000000E+00,0.000000E+00,0.000000E+00,2.669519E+01,6.069460E+01
04:50:00,0.000000E+00,2.937419E+02,0.000000E+00,2.267012E-02,0.000000E+00,0.000000E+00,0.000000E+00,0.000000E+00,0.000000E+00,0.000000E+00,0.000000E+00,0.000000E+00,0.000000E+00,0.000000E+00,2.669528E+01,6.097086E+01,0.000000E+00,2.982195E+02,0.000000E+00,2.301577E-02,0.000000E+00,0.000000E+00,0.000000E+00,0.000000E+00,0.000000E+00,0.000000E+00,0.000000E+00,0.000000E+00,0.000000E+00,0.000000E+00,2.669523E+01,6.081547E+01
05:00:00,0.000000E+00,2.902561E+02,0.000000E+00,2.240102E-02,0.000000E+00,0.000000E+00,0.000000E+00,0.000000E+00,0.000000E+00,0.000000E+00,0.000000E+00,0.000000E+00,0.000000E+00,0.000000E+00,2.669532E+01,6.109200E+01,0.000000E+00,2.946641E+02,0.000000E+00,2.274131E-02,0.000000E+00,0.000000E+00,0.000000E+00,0.000000E+00,0.000000E+00,0.000000E+00,0.000000E+00,0.000000E+00,0.000000E+00,0.000000E+00,2.669527E+01,6.093728E+01
05:10:00,0.000000E+00,2.870263E+02,0.000000E+00,2.215170E-02,0.000000E+00,0.000000E+00,0.000000E+00,0.000000E+00,0.000000E+00,0.000000E+00,0.000000E+00,0.000000E+00,0.000000E+00,0.000000E+00,2.669535E+01,6.121429E+01,0.000000E+00,2.913652E+02,0.000000E+00,2.248664E-02,0.000000E+00,0.000000E+00,0.000000E+00,0.000000E+00,0.000000E+00,0.000000E+00,0.000000E+00,0.000000E+00,0.000000E+00,0.000000E+00,2.669531E+01,6.106024E+01
05:20:00,0.000000E+00,2.840549E+02,0.000000E+00,2.192232E-02,0.000000E+00,0.000000E+00,0.000000E+00,0.000000E+00,0.000000E+00,0.000000E+00,0.000000E+00,0.000000E+00,0.000000E+00,0.000000E+00,2.669536E+01,6.133035E+01,0.000000E+00,2.883248E+02,0.000000E+00,2.225194E-02,0.000000E+00,0.000000E+00,0.000000E+00,0.000000E+00,0.000000E+00,0.000000E+00,0.000000E+00,0.000000E+00,0.000000E+00,0.000000E+00,2.669532E+01,6.117705E+01
05:30:00,0.000000E+00,2.813456E+02,0.000000E+00,2.171318E-02,0.000000E+00,0.000000E+00,0.000000E+00,0.000000E+00,0.000000E+00,0.000000E+00,0.000000E+00,0.000000E+00,0.000000E+00,0.000000E+00,2.669538E+01,6.143683E+01,0.000000E+00,2.855469E+02,0.000000E+00,2.203750E-02,0.000000E+00,0.000000E+00,0.000000E+00,0.000000E+00,0.000000E+00,0.000000E+00,0.000000E+00,0.000000E+00,0.000000E+00,0.000000E+00,2.669533E+01,6.128438E+01
05:40:00,0.000000E+00,2.789015E+02,0.000000E+00,2.152451E-02,0.000000E+00,0.000000E+00,0.000000E+00,0.000000E+00,0.000000E+00,0.000000E+00,0.000000E+00,0.000000E+00,0.000000E+00,0.000000E+00,2.669539E+01,6.153437E+01,0.000000E+00,2.830345E+02,0.000000E+00,2.184356E-02,0.000000E+00,0.000000E+00,0.000000E+00,0.000000E+00,0.000000E+00,0.000000E+00,0.000000E+00,0.000000E+00,0.000000E+00,0.000000E+00,2.669535E+01,6.138286E+01
05:50:00,0.000000E+00,2.767249E+02,0.000000E+00,2.135649E-02,0.000000E+00,0.000000E+00,0.000000E+00,0.000000E+00,0.000000E+00,0.000000E+00,0.000000E+00,0.000000E+00,0.000000E+00,0.000000E+00,2.669541E+01,6.162498E+01,0.000000E+00,2.807900E+02,0.000000E+00,2.167029E-02,0.000000E+00,0.000000E+00,0.000000E+00,0.000000E+00,0.000000E+00,0.000000E+00,0.000000E+00,0.000000E+00,0.000000E+00,0.000000E+00,2.669537E+01,6.147452E+01
06:00:00,0.000000E+00,2.748185E+02,0.000000E+00,2.120933E-02,0.000000E+00,0.000000E+00,0.000000E+00,0.000000E+00,0.000000E+00,0.000000E+00,0.000000E+00,0.000000E+00,0.000000E+00,0.000000E+00,2.669543E+01,6.171062E+01,0.000000E+00,2.788161E+02,0.000000E+00,2.151792E-02,0.000000E+00,0.000000E+00,0.000000E+00,0.000000E+00,0.000000E+00,0.000000E+00,0.000000E+00,0.000000E+00,0.000000E+00,0.000000E+00,2.669539E+01,6.156130E+01
06:10:00,0.000000E+00,4.932751E+02,0.000000E+00,4.003560E-02,0.000000E+00,0.000000E+00,0.000000E+00,0.000000E+00,0.000000E+00,0.000000E+00,0.000000E+00,0.000000E+00,0.000000E+00,0.000000E+00,2.426468E+01,6.481738E+01,0.000000E+00,4.968208E+02,0.000000E+00,4.031434E-02,0.000000E+00,0.000000E+00,0.000000E+00,0.000000E+00,0.000000E+00,0.000000E+00,0.000000E+00,0.000000E+00,0.000000E+00,0.000000E+00,2.426498E+01,6.470059E+01
06:20:00,0.000000E+00,4.901840E+02,0.000000E+00,4.069625E-02,0.000000E+00,0.000000E+00,0.000000E+00,0.000000E+00,0.000000E+00,0.000000E+00,0.000000E+00,0.000000E+00,0.000000E+00,0.000000E+00,2.399811E+01,6.337753E+01,0.000000E+00,4.936611E+02,0.000000E+00,4.098247E-02,0.000000E+00,0.000000E+00,0.000000E+00,0.000000E+00,0.000000E+00,0.000000E+00,0.000000E+00,0.000000E+00,0.000000E+00,0.000000E+00,2.399811E+01,6.329124E+01
06:30:00,0.000000E+00,6.183958E+02,0.000000E+00,5.421919E-02,0.000000E+00,0.000000E+00,0.000000E+00,0.000000E+00,0.000000E+00,0.000000E+00,0.000000E+00,0.000000E+00,0.000000E+00,0.000000E+00,2.399708E+01,6.169565E+01,0.000000E+00,6.217330E+02,0.000000E+00,5.450573E-02,0.000000E+00,0.000000E+00,0.000000E+00,0.000000E+00,0.000000E+00,0.000000E+00,0.000000E+00,0.000000E+00,0.000000E+00,0.000000E+00,2.399706E+01,6.162587E+01
06:40:00,0.000000E+00,7.104792E+02,0.000000E+00,6.420379E-02,0.000000E+00,0.000000E+00,0.000000E+00,0.000000E+00,0.000000E+00,0.000000E+00,0.000000E+00,0.000000E+00,0.000000E+00,0.000000E+00,2.399036E+01,6.015541E+01,0.000000E+00,7.136843E+02,0.000000E+00,6.449114E-02,0.000000E+00,0.000000E+00,0.000000E+00,0.000000E+00,0.000000E+00,0.000000E+00,0.000000E+00,0.000000E+00,0.000000E+00,0.000000E+00,2.399038E+01,6.010298E+01
06:50:00,0.000000E+00,8.009224E+02,0.000000E+00,7.401889E-02,0.000000E+00,0.000000E+00,0.000000E+00,0.000000E+00,0.000000E+00,0.000000E+00,0.000000E+00,0.000000E+00,0.000000E+00,0.000000E+00,2.399187E+01,5.969494E+01,0.000000E+00,8.039765E+02,0.000000E+00,7.430497E-02,0.000000E+00,0.000000E+00,0.000000E+00,0.000000E+00,0.000000E+00,0.000000E+00,0.000000E+00,0.000000E+00,0.000000E+00,0.000000E+00,2.399188E+01,5.964882E+01
07:00:00,0.000000E+00,8.891543E+02,0.000000E+00,8.360997E-02,0.000000E+00,0.000000E+00,0.000000E+00,0.000000E+00,0.000000E+00,0.000000E+00,0.000000E+00,0.000000E+00,0.000000E+00,0.000000E+00,2.399232E+01,5.971851E+01,0.000000E+00,8.920484E+02,0.000000E+00,8.389366E-02,0.000000E+00,0.000000E+00,0.000000E+00,0.000000E+00,0.000000E+00,0.000000E+00,0.000000E+00,0.000000E+00,0.000000E+00,0.000000E+00,2.399233E+01,5.967477E+01
07:10:00,0.000000E+00,7.560175E+02,0.000000E+00,7.412225E-02,0.000000E+00,0.000000E+00,0.000000E+00,0.000000E+00,0.000000E+00,0.000000E+00,0.000000E+00,0.000000E+00,0.000000E+00,0.000000E+00,2.399244E+01,5.986313E+01,0.000000E+00,7.591280E+02,0.000000E+00,7.442718E-02,0.000000E+00,0.000000E+00,0.000000E+00,0.000000E+00,0.000000E+00,0.000000E+00,0.000000E+00,0.000000E+00,0.000000E+00,0.000000E+00,2.399244E+01,5.982100E+01
07:20:00,0.000000E+00,8.438110E+02,0.000000E+00,8.273301E-02,0.000000E+00,0.000000E+00,0.000000E+00,0.000000E+00,0.000000E+00,0.000000E+00,0.000000E+00,0.000000E+00,0.000000E+00,0.000000E+00,2.399240E+01,5.998920E+01,0.000000E+00,8.467483E+02,0.000000E+00,8.302098E-02,0.000000E+00,0.000000E+00,0.000000E+00,0.000000E+00,0.000000E+00,0.000000E+00,0.000000E+00,0.000000E+00,0.000000E+00,0.000000E+00,2.399240E+01,5.994869E+01
07:30:00,0.000000E+00,7.999574E+02,0.000000E+00,7.844115E-02,0.000000E+00,0.000000E+00,0.000000E+00,0.000000E+00,0.000000E+00,0.000000E+00,0.000000E+00,0.000000E+00,0.000000E+00,0.000000E+00,2.399233E+01,6.007618E+01,0.000000E+00,8.027869E+02,0.000000E+00,7.871853E-02,0.000000E+00,0.000000E+00,0.000000E+00,0.000000E+00,0.000000E+00,0.000000E+00,0.000000E+00,0.000000E+00,0.000000E+00,0.000000E+00,2.399233E+01,6.003726E+01
07:40:00,0.000000E+00,7.921407E+02,0.000000E+00,7.767214E-02,0.000000E+00,0.000000E+00,0.000000E+00,0.000000E+00,0.000000E+00,0.000000E+00,0.000000E+00,0.000000E+00,0.000000E+00,0.000000E+00,2.399226E+01,6.013760E+01,0.000000E+00,7.948501E+02,0.000000E+00,7.793775E-02,0.000000E+00,0.000000E+00,0.000000E+00,0.000000E+00,0.000000E+00,0.000000E+00,0.000000E+00,0.000000E+00,0.000000E+00,0.000000E+00,2.399227E+01,6.010012E+01
07:50:00,0.000000E+00,7.860561E+02,0.000000E+00,7.707510E-02,0.000000E+00,0.000000E+00,0.000000E+00,0.000000E+00,0.000000E+00,0.000000E+00,0.000000E+00,0.000000E+00,0.000000E+00,0.000000E+00,2.399219E+01,6.018407E+01,0.000000E+00,7.886603E+02,0.000000E+00,7.733037E-02,0.000000E+00,0.000000E+00,0.000000E+00,0.000000E+00,0.000000E+00,0.000000E+00,0.000000E+00,0.000000E+00,0.000000E+00,0.000000E+00,2.399220E+01,6.014789E+01
08:00:00,0.000000E+00,7.824492E+02,0.000000E+00,7.672168E-02,0.000000E+00,0.000000E+00,0.000000E+00,0.000000E+00,0.000000E+00,0.000000E+00,0.000000E+00,0.000000E+00,0.000000E+00,0.000000E+00,2.399212E+01,6.021884E+01,0.000000E+00,7.849538E+02,0.000000E+00,7.696720E-02,0.000000E+00,0.000000E+00,0.000000E+00,0.000000E+00,0.000000E+00,0.000000E+00,0.000000E+00,0.000000E+00,0.000000E+00,0.000000E+00,2.399213E+01,6.018387E+01
08:10:00,0.000000E+00,7.803818E+02,0.000000E+00,7.651948E-02,0.000000E+00,0.000000E+00,0.000000E+00,0.000000E+00,0.000000E+00,0.000000E+00,0.000000E+00,0.000000E+00,0.000000E+00,0.000000E+00,2.399204E+01,6.024135E+01,0.000000E+00,7.827923E+02,0.000000E+00,7.675576E-02,0.000000E+00,0.000000E+00,0.000000E+00,0.000000E+00,0.000000E+00,0.000000E+00,0.000000E+00,0.000000E+00,0.000000E+00,0.000000E+00,2.399206E+01,6.020754E+01
08:20:00,0.000000E+00,7.796083E+02,0.000000E+00,7.644421E-02,0.000000E+00,0.000000E+00,0.000000E+00,0.000000E+00,0.000000E+00,0.000000E+00,0.000000E+00,0.000000E+00,0.000000E+00,0.000000E+00,2.399195E+01,6.024836E+01,0.000000E+00,7.819262E+02,0.000000E+00,7.667139E-02,0.000000E+00,0.000000E+00,0.000000E+00,0.000000E+00,0.000000E+00,0.000000E+00,0.000000E+00,0.000000E+00,0.000000E+00,0.000000E+00,2.399197E+01,6.021571E+01
08:30:00,0.000000E+00,7.798876E+02,0.000000E+00,7.647222E-02,0.000000E+00,0.000000E+00,0.000000E+00,0.000000E+00,0.000000E+00,0.000000E+00,0.000000E+00,0.000000E+00,0.000000E+00,0.000000E+00,2.399184E+01,6.023927E+01,0.000000E+00,7.821885E+02,0.000000E+00,7.669772E-02,0.000000E+00,0.000000E+00,0.000000E+00,0.000000E+00,0.000000E+00,0.000000E+00,0.000000E+00,0.000000E+00,0.000000E+00,0.000000E+00,2.399186E+01,6.020782E+01
08:40:00,0.000000E+00,7.809635E+02,0.000000E+00,7.657825E-02,0.000000E+00,0.000000E+00,0.000000E+00,0.000000E+00,0.000000E+00,0.000000E+00,0.000000E+00,0.000000E+00,0.000000E+00,0.000000E+00,2.399184E+01,6.021687E+01,0.000000E+00,7.832419E+02,0.000000E+00,7.680164E-02,0.000000E+00,0.000000E+00,0.000000E+00,0.000000E+00,0.000000E+00,0.000000E+00,0.000000E+00,0.000000E+00,0.000000E+00,0.000000E+00,2.399178E+01,6.018563E+01
08:50:00,0.000000E+00,7.827145E+02,0.000000E+00,7.675032E-02,0.000000E+00,0.000000E+00,0.000000E+00,0.000000E+00,0.000000E+00,0.000000E+00,0.000000E+00,0.000000E+00,0.000000E+00,0.000000E+00,2.399190E+01,6.018623E+01,0.000000E+00,7.850035E+02,0.000000E+00,7.697478E-02,0.000000E+00,0.000000E+00,0.000000E+00,0.000000E+00,0.000000E+00,0.000000E+00,0.000000E+00,0.000000E+00,0.000000E+00,0.000000E+00,2.399188E+01,6.015446E+01
09:00:00,0.000000E+00,7.850270E+02,0.000000E+00,7.697733E-02,0.000000E+00,0.000000E+00,0.000000E+00,0.000000E+00,0.000000E+00,0.000000E+00,0.000000E+00,0.000000E+00,0.000000E+00,0.000000E+00,2.399191E+01,6.015028E+01,0.000000E+00,7.873514E+02,0.000000E+00,7.720530E-02,0.000000E+00,0.000000E+00,0.000000E+00,0.000000E+00,0.000000E+00,0.000000E+00,0.000000E+00,0.000000E+00,0.000000E+00,0.000000E+00,2.399191E+01,6.011798E+01
09:10:00,0.000000E+00,7.875583E+02,0.000000E+00,7.722572E-02,0.000000E+00,0.000000E+00,0.000000E+00,0.000000E+00,0.000000E+00,0.000000E+00,0.000000E+00,0.000000E+00,0.000000E+00,0.000000E+00,2.399191E+01,6.010967E+01,0.000000E+00,7.899491E+02,0.000000E+00,7.746020E-02,0.000000E+00,0.000000E+00,0.000000E+00,0.000000E+00,0.000000E+00,0.000000E+00,0.000000E+00,0.000000E+00,0.000000E+00,0.000000E+00,2.399191E+01,6.007678E+01
09:20:00,0.000000E+00,7.902408E+02,0.000000E+00,7.748881E-02,0.000000E+00,0.000000E+00,0.000000E+00,0.000000E+00,0.000000E+00,0.000000E+00,0.000000E+00,0.000000E+00,0.000000E+00,0.000000E+00,2.399190E+01,6.006713E+01,0.000000E+00,7.927350E+02,0.000000E+00,7.773345E-02,0.000000E+00,0.000000E+00,0.000000E+00,0.000000E+00,0.000000E+00,0.000000E+00,0.000000E+00,0.000000E+00,0.000000E+00,0.000000E+00,2.399191E+01,6.003350E+01
09:30:00,0.000000E+00,7.930863E+02,0.000000E+00,7.776777E-02,0.000000E+00,0.000000E+00,0.000000E+00,0.000000E+00,0.000000E+00,0.000000E+00,0.000000E+00,0.000000E+00,0.000000E+00,0.000000E+00,2.399189E+01,6.002304E+01,0.000000E+00,7.956503E+02,0.000000E+00,7.801928E-02,0.000000E+00,0.000000E+00,0.000000E+00,0.000000E+00,0.000000E+00,0.000000E+00,0.000000E+00,0.000000E+00,0.000000E+00,0.000000E+00,2.399190E+01,5.998842E+01
09:40:00,0.000000E+00,7.961533E+02,0.000000E+00,7.806849E-02,0.000000E+00,0.000000E+00,0.000000E+00,0.000000E+00,0.000000E+00,0.000000E+00,0.000000E+00,0.000000E+00,0.000000E+00,0.000000E+00,2.399186E+01,5.997678E+01,0.000000E+00,7.988387E+02,0.000000E+00,7.833181E-02,0.000000E+00,0.000000E+00,0.000000E+00,0.000000E+00,0.000000E+00,0.000000E+00,0.000000E+00,0.000000E+00,0.000000E+00,0.000000E+00,2.399188E+01,5.994088E+01
09:50:00,0.000000E+00,7.994238E+02,0.000000E+00,7.838926E-02,0.000000E+00,0.000000E+00,0.000000E+00,0.000000E+00,0.000000E+00,0.000000E+00,0.000000E+00,0.000000E+00,0.000000E+00,0.000000E+00,2.399183E+01,5.992750E+01,0.000000E+00,8.022472E+02,0.000000E+00,7.866607E-02,0.000000E+00,0.000000E+00,0.000000E+00,0.000000E+00,0.000000E+00,0.000000E+00,0.000000E+00,0.000000E+00,0.000000E+00,0.000000E+00,2.399185E+01,5.989000E+01
10:00:00,0.000000E+00,8.028891E+02,0.000000E+00,7.872922E-02,0.000000E+00,0.000000E+00,0.000000E+00,0.000000E+00,0.000000E+00,0.000000E+00,0.000000E+00,0.000000E+00,0.000000E+00,0.000000E+00,2.399180E+01,5.987486E+01,0.000000E+00,8.058793E+02,0.000000E+00,7.902233E-02,0.000000E+00,0.000000E+00,0.000000E+00,0.000000E+00,0.000000E+00,0.000000E+00,0.000000E+00,0.000000E+00,0.000000E+00,0.000000E+00,2.399183E+01,5.983545E+01
10:10:00,0.000000E+00,8.065373E+02,0.000000E+00,7.908714E-02,0.000000E+00,0.000000E+00,0.000000E+00,0.000000E+00,0.000000E+00,0.000000E+00,0.000000E+00,0.000000E+00,0.000000E+00,0.000000E+00,2.399177E+01,5.981868E+01,0.000000E+00,8.097203E+02,0.000000E+00,7.939913E-02,0.000000E+00,0.000000E+00,0.000000E+00,0.000000E+00,0.000000E+00,0.000000E+00,0.000000E+00,0.000000E+00,0.000000E+00,0.000000E+00,2.399180E+01,5.977702E+01
10:20:00,0.000000E+00,8.103485E+02,0.000000E+00,7.946108E-02,0.000000E+00,0.000000E+00,0.000000E+00,0.000000E+00,0.000000E+00,0.000000E+00,0.000000E+00,0.000000E+00,0.000000E+00,0.000000E+00,2.399173E+01,5.976167E+01,0.000000E+00,8.137507E+02,0.000000E+00,7.979452E-02,0.000000E+00,0.000000E+00,0.000000E+00,0.000000E+00,0.000000E+00,0.000000E+00,0.000000E+00,0.000000E+00,0.000000E+00,0.000000E+00,2.399177E+01,5.971747E+01
10:30:00,0.000000E+00,8.143167E+02,0.000000E+00,7.985045E-02,0.000000E+00,0.000000E+00,0.000000E+00,0.000000E+00,0.000000E+00,0.000000E+00,0.000000E+00,0.000000E+00,0.000000E+00,0.000000E+00,2.399170E+01,5.970451E+01,0.000000E+00,8.179621E+02,0.000000E+00,8.020768E-02,0.000000E+00,0.000000E+00,0.000000E+00,0.000000E+00,0.000000E+00,0.000000E+00,0.000000E+00,0.000000E+00,0.000000E+00,0.000000E+00,2.399175E+01,5.965747E+01
10:40:00,0.000000E+00,8.184407E+02,0.000000E+00,8.025512E-02,0.000000E+00,0.000000E+00,0.000000E+00,0.000000E+00,0.000000E+00,0.000000E+00,0.000000E+00,0.000000E+00,0.000000E+00,0.000000E+00,2.399165E+01,5.964659E+01,0.000000E+00,8.223466E+02,0.000000E+00,8.063782E-02,0.000000E+00,0.000000E+00,0.000000E+00,0.000000E+00,0.000000E+00,0.000000E+00,0.000000E+00,0.000000E+00,0.000000E+00,0.000000E+00,2.399172E+01,5.959646E+01
10:50:00,0.000000E+00,8.226987E+02,0.000000E+00,8.067300E-02,0.000000E+00,0.000000E+00,0.000000E+00,0.000000E+00,0.000000E+00,0.000000E+00,0.000000E+00,0.000000E+00,0.000000E+00,0.000000E+00,2.399158E+01,5.958686E+01,0.000000E+00,8.268987E+02,0.000000E+00,8.108441E-02,0.000000E+00,0.000000E+00,0.000000E+00,0.000000E+00,0.000000E+00,0.000000E+00,0.000000E+00,0.000000E+00,0.000000E+00,0.000000E+00,2.399169E+01,5.953346E+01
11:00:00,0.000000E+00,8.270886E+02,0.000000E+00,8.110375E-02,0.000000E+00,0.000000E+00,0.000000E+00,0.000000E+00,0.000000E+00,0.000000E+00,0.000000E+00,0.000000E+00,0.000000E+00,0.000000E+00,2.399159E+01,5.952466E+01,0.000000E+00,8.316055E+02,0.000000E+00,8.154618E-02,0.000000E+00,0.000000E+00,0.000000E+00,0.000000E+00,0.000000E+00,0.000000E+00,0.000000E+00,0.000000E+00,0.000000E+00,0.000000E+00,2.399166E+01,5.946789E+01
11:10:00,0.000000E+00,8.314047E+02,0.000000E+00,8.152724E-02,0.000000E+00,0.000000E+00,0.000000E+00,0.000000E+00,0.000000E+00,0.000000E+00,0.000000E+00,0.000000E+00,0.000000E+00,0.000000E+00,2.399158E+01,5.946007E+01,0.000000E+00,8.362657E+02,0.000000E+00,8.200338E-02,0.000000E+00,0.000000E+00,0.000000E+00,0.000000E+00,0.000000E+00,0.000000E+00,0.000000E+00,0.000000E+00,0.000000E+00,0.000000E+00,2.399163E+01,5.939958E+01
11:20:00,0.000000E+00,8.356387E+02,0.000000E+00,8.194262E-02,0.000000E+00,0.000000E+00,0.000000E+00,0.000000E+00,0.000000E+00,0.000000E+00,0.000000E+00,0.000000E+00,0.000000E+00,0.000000E+00,2.399159E+01,5.939943E+01,0.000000E+00,8.408710E+02,0.000000E+00,8.245518E-02,0.000000E+00,0.000000E+00,0.000000E+00,0.000000E+00,0.000000E+00,0.000000E+00,0.000000E+00,0.000000E+00,0.000000E+00,0.000000E+00,2.399162E+01,5.933485E+01
11:30:00,0.000000E+00,8.397848E+02,0.000000E+00,8.234932E-02,0.000000E+00,0.000000E+00,0.000000E+00,0.000000E+00,0.000000E+00,0.000000E+00,0.000000E+00,0.000000E+00,0.000000E+00,0.000000E+00,2.399159E+01,5.934422E+01,0.000000E+00,8.454114E+02,0.000000E+00,8.290061E-02,0.000000E+00,0.000000E+00,0.000000E+00,0.000000E+00,0.000000E+00,0.000000E+00,0.000000E+00,0.000000E+00,0.000000E+00,0.000000E+00,2.399161E+01,5.927523E+01
11:40:00,0.000000E+00,8.438343E+02,0.000000E+00,8.274650E-02,0.000000E+00,0.000000E+00,0.000000E+00,0.000000E+00,0.000000E+00,0.000000E+00,0.000000E+00,0.000000E+00,0.000000E+00,0.000000E+00,2.399159E+01,5.929244E+01,0.000000E+00,8.498793E+02,0.000000E+00,8.333889E-02,0.000000E+00,0.000000E+00,0.000000E+00,0.000000E+00,0.000000E+00,0.000000E+00,0.000000E+00,0.000000E+00,0.000000E+00,0.000000E+00,2.399160E+01,5.921881E+01
11:50:00,0.000000E+00,8.477968E+02,0.000000E+00,8.313505E-02,0.000000E+00,0.000000E+00,0.000000E+00,0.000000E+00,0.000000E+00,0.000000E+00,0.000000E+00,0.000000E+00,0.000000E+00,0.000000E+00,2.399159E+01,5.924133E+01,0.000000E+00,8.542638E+02,0.000000E+00,8.376894E-02,0.000000E+00,0.000000E+00,0.000000E+00,0.000000E+00,0.000000E+00,0.000000E+00,0.000000E+00,0.000000E+00,0.000000E+00,0.000000E+00,2.399161E+01,5.916300E+01
12:00:00,0.000000E+00,8.516656E+02,0.000000E+00,8.351443E-02,0.000000E+00,0.000000E+00,0.000000E+00,0.000000E+00,0.000000E+00,0.000000E+00,0.000000E+00,0.000000E+00,0.000000E+00,0.000000E+00,2.399159E+01,5.918922E+01,0.000000E+00,8.585637E+02,0.000000E+00,8.419064E-02,0.000000E+00,0.000000E+00,0.000000E+00,0.000000E+00,0.000000E+00,0.000000E+00,0.000000E+00,0.000000E+00,0.000000E+00,0.000000E+00,2.399162E+01,5.910621E+01
12:10:00,0.000000E+00,8.556387E+02,0.000000E+00,8.390404E-02,0.000000E+00,0.000000E+00,0.000000E+00,0.000000E+00,0.000000E+00,0.000000E+00,0.000000E+00,0.000000E+00,0.000000E+00,0.000000E+00,2.399158E+01,5.913522E+01,0.000000E+00,8.629682E+02,0.000000E+00,8.462255E-02,0.000000E+00,0.000000E+00,0.000000E+00,0.000000E+00,0.000000E+00,0.000000E+00,0.000000E+00,0.000000E+00,0.000000E+00,0.000000E+00,2.399163E+01,5.904763E+01
12:20:00,0.000000E+00,8.597154E+02,0.000000E+00,8.430380E-02,0.000000E+00,0.000000E+00,0.000000E+00,0.000000E+00,0.000000E+00,0.000000E+00,0.000000E+00,0.000000E+00,0.000000E+00,0.000000E+00,2.399159E+01,5.908154E+01,0.000000E+00,8.674721E+02,0.000000E+00,8.506415E-02,0.000000E+00,0.000000E+00,0.000000E+00,0.000000E+00,0.000000E+00,0.000000E+00,0.000000E+00,0.000000E+00,0.000000E+00,0.000000E+00,2.399165E+01,5.898948E+01
12:30:00,0.000000E+00,8.638902E+02,0.000000E+00,8.471319E-02,0.000000E+00,0.000000E+00,0.000000E+00,0.000000E+00,0.000000E+00,0.000000E+00,0.000000E+00,0.000000E+00,0.000000E+00,0.000000E+00,2.399159E+01,5.902866E+01,0.000000E+00,8.720723E+02,0.000000E+00,8.551516E-02,0.000000E+00,0.000000E+00,0.000000E+00,0.000000E+00,0.000000E+00,0.000000E+00,0.000000E+00,0.000000E+00,0.000000E+00,0.000000E+00,2.399166E+01,5.893222E+01
12:40:00,0.000000E+00,8.681524E+02,0.000000E+00,8.513116E-02,0.000000E+00,0.000000E+00,0.000000E+00,0.000000E+00,0.000000E+00,0.000000E+00,0.000000E+00,0.000000E+00,0.000000E+00,0.000000E+00,2.399158E+01,5.897592E+01,0.000000E+00,8.767623E+02,0.000000E+00,8.597495E-02,0.000000E+00,0.000000E+00,0.000000E+00,0.000000E+00,0.000000E+00,0.000000E+00,0.000000E+00,0.000000E+00,0.000000E+00,0.000000E+00,2.399168E+01,5.887517E+01
12:50:00,0.000000E+00,8.725007E+02,0.000000E+00,8.555760E-02,0.000000E+00,0.000000E+00,0.000000E+00,0.000000E+00,0.000000E+00,0.000000E+00,0.000000E+00,0.000000E+00,0.000000E+00,0.000000E+00,2.399156E+01,5.892241E+01,0.000000E+00,8.815348E+02,0.000000E+00,8.644283E-02,0.000000E+00,0.000000E+00,0.000000E+00,0.000000E+00,0.000000E+00,0.000000E+00,0.000000E+00,0.000000E+00,0.000000E+00,0.000000E+00,2.399169E+01,5.881735E+01
13:00:00,0.000000E+00,8.769358E+02,0.000000E+00,8.599250E-02,0.000000E+00,0.000000E+00,0.000000E+00,0.000000E+00,0.000000E+00,0.000000E+00,0.000000E+00,0.000000E+00,0.000000E+00,0.000000E+00,2.399159E+01,5.886731E+01,0.000000E+00,8.863791E+02,0.000000E+00,8.691776E-02,0.000000E+00,0.000000E+00,0.000000E+00,0.000000E+00,0.000000E+00,0.000000E+00,0.000000E+00,0.000000E+00,0.000000E+00,0.000000E+00,2.399169E+01,5.875828E+01
13:10:00,0.000000E+00,8.813870E+02,0.000000E+00,8.642894E-02,0.000000E+00,0.000000E+00,0.000000E+00,0.000000E+00,0.000000E+00,0.000000E+00,0.000000E+00,0.000000E+00,0.000000E+00,0.000000E+00,2.399161E+01,5.881041E+01,0.000000E+00,8.912232E+02,0.000000E+00,8.739266E-02,0.000000E+00,0.000000E+00,0.000000E+00,0.000000E+00,0.000000E+00,0.000000E+00,0.000000E+00,0.000000E+00,0.000000E+00,0.000000E+00,2.399170E+01,5.869773E+01
13:20:00,0.000000E+00,8.858463E+02,0.000000E+00,8.686614E-02,0.000000E+00,0.000000E+00,0.000000E+00,0.000000E+00,0.000000E+00,0.000000E+00,0.000000E+00,0.000000E+00,0.000000E+00,0.000000E+00,2.399164E+01,5.875521E+01,0.000000E+00,8.960526E+02,0.000000E+00,8.786614E-02,0.000000E+00,0.000000E+00,0.000000E+00,0.000000E+00,0.000000E+00,0.000000E+00,0.000000E+00,0.000000E+00,0.000000E+00,0.000000E+00,2.399171E+01,5.863926E+01
13:30:00,0.000000E+00,8.903070E+02,0.000000E+00,8.730345E-02,0.000000E+00,0.000000E+00,0.000000E+00,0.000000E+00,0.000000E+00,0.000000E+00,0.000000E+00,0.000000E+00,0.000000E+00,0.000000E+00,2.399166E+01,5.870255E+01,0.000000E+00,9.008551E+02,0.000000E+00,8.833698E-02,0.000000E+00,0.000000E+00,0.000000E+00,0.000000E+00,0.000000E+00,0.000000E+00,0.000000E+00,0.000000E+00,0.000000E+00,0.000000E+00,2.399172E+01,5.858372E+01
13:40:00,0.000000E+00,8.947611E+02,0.000000E+00,8.774008E-02,0.000000E+00,0.000000E+00,0.000000E+00,0.000000E+00,0.000000E+00,0.000000E+00,0.000000E+00,0.000000E+00,0.000000E+00,0.000000E+00,2.399167E+01,5.865145E+01,0.000000E+00,9.056133E+02,0.000000E+00,8.880350E-02,0.000000E+00,0.000000E+00,0.000000E+00,0.000000E+00,0.000000E+00,0.000000E+00,0.000000E+00,0.000000E+00,0.000000E+00,0.000000E+00,2.399173E+01,5.853015E+01
13:50:00,0.000000E+00,8.992016E+02,0.000000E+00,8.817533E-02,0.000000E+00,0.000000E+00,0.000000E+00,0.000000E+00,0.000000E+00,0.000000E+00,0.000000E+00,0.000000E+00,0.000000E+00,0.000000E+00,2.399168E+01,5.860058E+01,0.000000E+00,9.103206E+02,0.000000E+00,8.926503E-02,0.000000E+00,0.000000E+00,0.000000E+00,0.000000E+00,0.000000E+00,0.000000E+00,0.000000E+00,0.000000E+00,0.000000E+00,0.000000E+00,2.399173E+01,5.847721E+01
14:00:00,0.000000E+00,9.036023E+02,0.000000E+00,8.860671E-02,0.000000E+00,0.000000E+00,0.000000E+00,0.000000E+00,0.000000E+00,0.000000E+00,0.000000E+00,0.000000E+00,0.000000E+00,0.000000E+00,2.399169E+01,5.854908E+01,0.000000E+00,9.149568E+02,0.000000E+00,8.971961E-02,0.000000E+00,0.000000E+00,0.000000E+00,0.000000E+00,0.000000E+00,0.000000E+00,0.000000E+00,0.000000E+00,0.000000E+00,0.000000E+00,2.399172E+01,5.842406E+01
14:10:00,0.000000E+00,9.078254E+02,0.000000E+00,8.902071E-02,0.000000E+00,0.000000E+00,0.000000E+00,0.000000E+00,0.000000E+00,0.000000E+00,0.000000E+00,0.000000E+00,0.000000E+00,0.000000E+00,2.399169E+01,5.849666E+01,0.000000E+00,9.193800E+02,0.000000E+00,9.015332E-02,0.000000E+00,0.000000E+00,0.000000E+00,0.000000E+00,0.000000E+00,0.000000E+00,0.000000E+00,0.000000E+00,0.000000E+00,0.000000E+00,2.399171E+01,5.837041E+01
14:20:00,0.000000E+00,9.118513E+02,0.000000E+00,8.941540E-02,0.000000E+00,0.000000E+00,0.000000E+00,0.000000E+00,0.000000E+00,0.000000E+00,0.000000E+00,0.000000E+00,0.000000E+00,0.000000E+00,2.399170E+01,5.844910E+01,0.000000E+00,9.235704E+02,0.000000E+00,9.056422E-02,0.000000E+00,0.000000E+00,0.000000E+00,0.000000E+00,0.000000E+00,0.000000E+00,0.000000E+00,0.000000E+00,0.000000E+00,0.000000E+00,2.399172E+01,5.832198E+01
14:30:00,0.000000E+00,9.156648E+02,0.000000E+00,8.978928E-02,0.000000E+00,0.000000E+00,0.000000E+00,0.000000E+00,0.000000E+00,0.000000E+00,0.000000E+00,0.000000E+00,0.000000E+00,0.000000E+00,2.399171E+01,5.840779E+01,0.000000E+00,9.275102E+02,0.000000E+00,9.095057E-02,0.000000E+00,0.000000E+00,0.000000E+00,0.000000E+00,0.000000E+00,0.000000E+00,0.000000E+00,0.000000E+00,0.000000E+00,0.000000E+00,2.399171E+01,5.828014E+01
14:40:00,0.000000E+00,9.192468E+02,0.000000E+00,9.014048E-02,0.000000E+00,0.000000E+00,0.000000E+00,0.000000E+00,0.000000E+00,0.000000E+00,0.000000E+00,0.000000E+00,0.000000E+00,0.000000E+00,2.399171E+01,5.837096E+01,0.000000E+00,9.311745E+02,0.000000E+00,9.130993E-02,0.000000E+00,0.000000E+00,0.000000E+00,0.000000E+00,0.000000E+00,0.000000E+00,0.000000E+00,0.000000E+00,0.000000E+00,0.000000E+00,2.399170E+01,5.824318E+01
14:50:00,0.000000E+00,9.225737E+02,0.000000E+00,9.046669E-02,0.000000E+00,0.000000E+00,0.000000E+00,0.000000E+00,0.000000E+00,0.000000E+00,0.000000E+00,0.000000E+00,0.000000E+00,0.000000E+00,2.399170E+01,5.833637E+01,0.000000E+00,9.345186E+02,0.000000E+00,9.163794E-02,0.000000E+00,0.000000E+00,0.000000E+00,0.000000E+00,0.000000E+00,0.000000E+00,0.000000E+00,0.000000E+00,0.000000E+00,0.000000E+00,2.399166E+01,5.820895E+01
15:00:00,0.000000E+00,9.256220E+02,0.000000E+00,9.076563E-02,0.000000E+00,0.000000E+00,0.000000E+00,0.000000E+00,0.000000E+00,0.000000E+00,0.000000E+00,0.000000E+00,0.000000E+00,0.000000E+00,2.399167E+01,5.830267E+01,0.000000E+00,9.374981E+02,0.000000E+00,9.193033E-02,0.000000E+00,0.000000E+00,0.000000E+00,0.000000E+00,0.000000E+00,0.000000E+00,0.000000E+00,0.000000E+00,0.000000E+00,0.000000E+00,2.399158E+01,5.817656E+01
15:10:00,0.000000E+00,9.282885E+02,0.000000E+00,9.102718E-02,0.000000E+00,0.000000E+00,0.000000E+00,0.000000E+00,0.000000E+00,0.000000E+00,0.000000E+00,0.000000E+00,0.000000E+00,0.000000E+00,2.399164E+01,5.826944E+01,0.000000E+00,9.401030E+02,0.000000E+00,9.218604E-02,0.000000E+00,0.000000E+00,0.000000E+00,0.000000E+00,0.000000E+00,0.000000E+00,0.000000E+00,0.000000E+00,0.000000E+00,0.000000E+00,2.399153E+01,5.814565E+01
15:20:00,0.000000E+00,9.305389E+02,0.000000E+00,9.124807E-02,0.000000E+00,0.000000E+00,0.000000E+00,0.000000E+00,0.000000E+00,0.000000E+00,0.000000E+00,0.000000E+00,0.000000E+00,0.000000E+00,2.399156E+01,5.824382E+01,0.000000E+00,9.423567E+02,0.000000E+00,9.240723E-02,0.000000E+00,0.000000E+00,0.000000E+00,0.000000E+00,0.000000E+00,0.000000E+00,0.000000E+00,0.000000E+00,0.000000E+00,0.000000E+00,2.399159E+01,5.812135E+01
15:30:00,0.000000E+00,9.324271E+02,0.000000E+00,9.143348E-02,0.000000E+00,0.000000E+00,0.000000E+00,0.000000E+00,0.000000E+00,0.000000E+00,0.000000E+00,0.000000E+00,0.000000E+00,0.000000E+00,2.399155E+01,5.822723E+01,0.000000E+00,9.442792E+02,0.000000E+00,9.259586E-02,0.000000E+00,0.000000E+00,0.000000E+00,0.000000E+00,0.000000E+00,0.000000E+00,0.000000E+00,0.000000E+00,0.000000E+00,0.000000E+00,2.399164E+01,5.810433E+01
15:40:00,0.000000E+00,9.339738E+02,0.000000E+00,9.158531E-02,0.000000E+00,0.000000E+00,0.000000E+00,0.000000E+00,0.000000E+00,0.000000E+00,0.000000E+00,0.000000E+00,0.000000E+00,0.000000E+00,2.399160E+01,5.821621E+01,0.000000E+00,9.458952E+02,0.000000E+00,9.275433E-02,0.000000E+00,0.000000E+00,0.000000E+00,0.000000E+00,0.000000E+00,0.000000E+00,0.000000E+00,0.000000E+00,0.000000E+00,0.000000E+00,2.399169E+01,5.809185E+01
15:50:00,0.000000E+00,9.352002E+02,0.000000E+00,9.170565E-02,0.000000E+00,0.000000E+00,0.000000E+00,0.000000E+00,0.000000E+00,0.000000E+00,0.000000E+00,0.000000E+00,0.000000E+00,0.000000E+00,2.399165E+01,5.820722E+01,0.000000E+00,9.472499E+02,0.000000E+00,9.288709E-02,0.000000E+00,0.000000E+00,0.000000E+00,0.000000E+00,0.000000E+00,0.000000E+00,0.000000E+00,0.000000E+00,0.000000E+00,0.000000E+00,2.399172E+01,5.808107E+01
16:00:00,0.000000E+00,9.361317E+02,0.000000E+00,9.179697E-02,0.000000E+00,0.000000E+00,0.000000E+00,0.000000E+00,0.000000E+00,0.000000E+00,0.000000E+00,0.000000E+00,0.000000E+00,0.000000E+00,2.399168E+01,5.819808E+01,0.000000E+00,9.483916E+02,0.000000E+00,9.299878E-02,0.000000E+00,0.000000E+00,0.000000E+00,0.000000E+00,0.000000E+00,0.000000E+00,0.000000E+00,0.000000E+00,0.000000E+00,0.000000E+00,2.399175E+01,5.807027E+01
16:10:00,0.000000E+00,9.370688E+02,0.000000E+00,9.188874E-02,0.000000E+00,0.000000E+00,0.000000E+00,0.000000E+00,0.000000E+00,0.000000E+00,0.000000E+00,0.000000E+00,0.000000E+00,0.000000E+00,2.399172E+01,5.818797E+01,0.000000E+00,9.495304E+02,0.000000E+00,9.311007E-02,0.000000E+00,0.000000E+00,0.000000E+00,0.000000E+00,0.000000E+00,0.000000E+00,0.000000E+00,0.000000E+00,0.000000E+00,0.000000E+00,2.399178E+01,5.805878E+01
16:20:00,0.000000E+00,9.380472E+02,0.000000E+00,9.198439E-02,0.000000E+00,0.000000E+00,0.000000E+00,0.000000E+00,0.000000E+00,0.000000E+00,0.000000E+00,0.000000E+00,0.000000E+00,0.000000E+00,2.399175E+01,5.817893E+01,0.000000E+00,9.506482E+02,0.000000E+00,9.321934E-02,0.000000E+00,0.000000E+00,0.000000E+00,0.000000E+00,0.000000E+00,0.000000E+00,0.000000E+00,0.000000E+00,0.000000E+00,0.000000E+00,2.399181E+01,5.804860E+01
16:30:00,0.000000E+00,9.390232E+02,0.000000E+00,9.207973E-02,0.000000E+00,0.000000E+00,0.000000E+00,0.000000E+00,0.000000E+00,0.000000E+00,0.000000E+00,0.000000E+00,0.000000E+00,0.000000E+00,2.399178E+01,5.817151E+01,0.000000E+00,9.517401E+02,0.000000E+00,9.332612E-02,0.000000E+00,0.000000E+00,0.000000E+00,0.000000E+00,0.000000E+00,0.000000E+00,0.000000E+00,0.000000E+00,0.000000E+00,0.000000E+00,2.399183E+01,5.804024E+01
16:40:00,0.000000E+00,9.399802E+02,0.000000E+00,9.217325E-02,0.000000E+00,0.000000E+00,0.000000E+00,0.000000E+00,0.000000E+00,0.000000E+00,0.000000E+00,0.000000E+00,0.000000E+00,0.000000E+00,2.399181E+01,5.816504E+01,0.000000E+00,9.527943E+02,0.000000E+00,9.342923E-02,0.000000E+00,0.000000E+00,0.000000E+00,0.000000E+00,0.000000E+00,0.000000E+00,0.000000E+00,0.000000E+00,0.000000E+00,0.000000E+00,2.399186E+01,5.803299E+01
16:50:00,0.000000E+00,9.409099E+02,0.000000E+00,9.226413E-02,0.000000E+00,0.000000E+00,0.000000E+00,0.000000E+00,0.000000E+00,0.000000E+00,0.000000E+00,0.000000E+00,0.000000E+00,0.000000E+00,2.399183E+01,5.815865E+01,0.000000E+00,9.538013E+02,0.000000E+00,9.352773E-02,0.000000E+00,0.000000E+00,0.000000E+00,0.000000E+00,0.000000E+00,0.000000E+00,0.000000E+00,0.000000E+00,0.000000E+00,0.000000E+00,2.399188E+01,5.802600E+01
17:00:00,0.000000E+00,9.417982E+02,0.000000E+00,9.235096E-02,0.000000E+00,0.000000E+00,0.000000E+00,0.000000E+00,0.000000E+00,0.000000E+00,0.000000E+00,0.000000E+00,0.000000E+00,0.000000E+00,2.399186E+01,5.815184E+01,0.000000E+00,9.547479E+02,0.000000E+00,9.362032E-02,0.000000E+00,0.000000E+00,0.000000E+00,0.000000E+00,0.000000E+00,0.000000E+00,0.000000E+00,0.000000E+00,0.000000E+00,0.000000E+00,2.399190E+01,5.801877E+01
17:10:00,0.000000E+00,9.426330E+02,0.000000E+00,9.243258E-02,0.000000E+00,0.000000E+00,0.000000E+00,0.000000E+00,0.000000E+00,0.000000E+00,0.000000E+00,0.000000E+00,0.000000E+00,0.000000E+00,2.399188E+01,5.814446E+01,0.000000E+00,9.556216E+02,0.000000E+00,9.370577E-02,0.000000E+00,0.000000E+00,0.000000E+00,0.000000E+00,0.000000E+00,0.000000E+00,0.000000E+00,0.000000E+00,0.000000E+00,0.000000E+00,2.399192E+01,5.801118E+01
17:20:00,0.000000E+00,9.433992E+02,0.000000E+00,9.250747E-02,0.000000E+00,0.000000E+00,0.000000E+00,0.000000E+00,0.000000E+00,0.000000E+00,0.000000E+00,0.000000E+00,0.000000E+00,0.000000E+00,2.399190E+01,5.813875E+01,0.000000E+00,9.564064E+02,0.000000E+00,9.378252E-02,0.000000E+00,0.000000E+00,0.000000E+00,0.000000E+00,0.000000E+00,0.000000E+00,0.000000E+00,0.000000E+00,0.000000E+00,0.000000E+00,2.399194E+01,5.800544E+01
17:30:00,0.000000E+00,9.440833E+02,0.000000E+00,9.257433E-02,0.000000E+00,0.000000E+00,0.000000E+00,0.000000E+00,0.000000E+00,0.000000E+00,0.000000E+00,0.000000E+00,0.000000E+00,0.000000E+00,2.399193E+01,5.813533E+01,0.000000E+00,9.570879E+02,0.000000E+00,9.384914E-02,0.000000E+00,0.000000E+00,0.000000E+00,0.000000E+00,0.000000E+00,0.000000E+00,0.000000E+00,0.000000E+00,0.000000E+00,0.000000E+00,2.399196E+01,5.800218E+01
17:40:00,0.000000E+00,9.446676E+02,0.000000E+00,9.263141E-02,0.000000E+00,0.000000E+00,0.000000E+00,0.000000E+00,0.000000E+00,0.000000E+00,0.000000E+00,0.000000E+00,0.000000E+00,0.000000E+00,2.399195E+01,5.813357E+01,0.000000E+00,9.576476E+02,0.000000E+00,9.390384E-02,0.000000E+00,0.000000E+00,0.000000E+00,0.000000E+00,0.000000E+00,0.000000E+00,0.000000E+00,0.000000E+00,0.000000E+00,0.000000E+00,2.399198E+01,5.800078E+01
17:50:00,0.000000E+00,9.451362E+02,0.000000E+00,9.267716E-02,0.000000E+00,0.000000E+00,0.000000E+00,0.000000E+00,0.000000E+00,0.000000E+00,0.000000E+00,0.000000E+00,0.000000E+00,0.000000E+00,2.399197E+01,5.813274E+01,0.000000E+00,9.580691E+02,0.000000E+00,9.394498E-02,0.000000E+00,0.000000E+00,0.000000E+00,0.000000E+00,0.000000E+00,0.000000E+00,0.000000E+00,0.000000E+00,0.000000E+00,0.000000E+00,2.399200E+01,5.800050E+01
18:00:00,0.000000E+00,9.454688E+02,0.000000E+00,9.270957E-02,0.000000E+00,0.000000E+00,0.000000E+00,0.000000E+00,0.000000E+00,0.000000E+00,0.000000E+00,0.000000E+00,0.000000E+00,0.000000E+00,2.399198E+01,5.813240E+01,0.000000E+00,9.583320E+02,0.000000E+00,9.397058E-02,0.000000E+00,0.000000E+00,0.000000E+00,0.000000E+00,0.000000E+00,0.000000E+00,0.000000E+00,0.000000E+00,0.000000E+00,0.000000E+00,2.399201E+01,5.800094E+01
18:10:00,0.000000E+00,9.454551E+02,0.000000E+00,9.270804E-02,0.000000E+00,0.000000E+00,0.000000E+00,0.000000E+00,0.000000E+00,0.000000E+00,0.000000E+00,0.000000E+00,0.000000E+00,0.000000E+00,2.399200E+01,5.813251E+01,0.000000E+00,9.582265E+02,0.000000E+00,9.396006E-02,0.000000E+00,0.000000E+00,0.000000E+00,0.000000E+00,0.000000E+00,0.000000E+00,0.000000E+00,0.000000E+00,0.000000E+00,0.000000E+00,2.399203E+01,5.800204E+01
18:20:00,0.000000E+00,9.450730E+02,0.000000E+00,9.267037E-02,0.000000E+00,0.000000E+00,0.000000E+00,0.000000E+00,0.000000E+00,0.000000E+00,0.000000E+00,0.000000E+00,0.000000E+00,0.000000E+00,2.399203E+01,5.813871E+01,0.000000E+00,9.577313E+02,0.000000E+00,9.391131E-02,0.000000E+00,0.000000E+00,0.000000E+00,0.000000E+00,0.000000E+00,0.000000E+00,0.000000E+00,0.000000E+00,0.000000E+00,0.000000E+00,2.399206E+01,5.800936E+01
18:30:00,0.000000E+00,9.443018E+02,0.000000E+00,9.259455E-02,0.000000E+00,0.000000E+00,0.000000E+00,0.000000E+00,0.000000E+00,0.000000E+00,0.000000E+00,0.000000E+00,0.000000E+00,0.000000E+00,2.399206E+01,5.815246E+01,0.000000E+00,9.568272E+02,0.000000E+00,9.382247E-02,0.000000E+00,0.000000E+00,0.000000E+00,0.000000E+00,0.000000E+00,0.000000E+00,0.000000E+00,0.000000E+00,0.000000E+00,0.000000E+00,2.399208E+01,5.802433E+01
18:40:00,0.000000E+00,9.431179E+02,0.000000E+00,9.247824E-02,0.000000E+00,0.000000E+00,0.000000E+00,0.000000E+00,0.000000E+00,0.000000E+00,0.000000E+00,0.000000E+00,0.000000E+00,0.000000E+00,2.399208E+01,5.817205E+01,0.000000E+00,9.554922E+02,0.000000E+00,9.369137E-02,0.000000E+00,0.000000E+00,0.000000E+00,0.000000E+00,0.000000E+00,0.000000E+00,0.000000E+00,0.000000E+00,0.000000E+00,0.000000E+00,2.399211E+01,5.804521E+01
18:50:00,0.000000E+00,9.415004E+02,0.000000E+00,9.231943E-02,0.000000E+00,0.000000E+00,0.000000E+00,0.000000E+00,0.000000E+00,0.000000E+00,0.000000E+00,0.000000E+00,0.000000E+00,0.000000E+00,2.399210E+01,5.819543E+01,0.000000E+00,9.537076E+02,0.000000E+00,9.351617E-02,0.000000E+00,0.000000E+00,0.000000E+00,0.000000E+00,0.000000E+00,0.000000E+00,0.000000E+00,0.000000E+00,0.000000E+00,0.000000E+00,2.399213E+01,5.806997E+01
19:00:00,0.000000E+00,9.394259E+02,0.000000E+00,9.211580E-02,0.000000E+00,0.000000E+00,0.000000E+00,0.000000E+00,0.000000E+00,0.000000E+00,0.000000E+00,0.000000E+00,0.000000E+00,0.000000E+00,2.399212E+01,5.822132E+01,0.000000E+00,9.514521E+02,0.000000E+00,9.329481E-02,0.000000E+00,0.000000E+00,0.000000E+00,0.000000E+00,0.000000E+00,0.000000E+00,0.000000E+00,0.000000E+00,0.000000E+00,0.000000E+00,2.399214E+01,5.809731E+01
19:10:00,0.000000E+00,9.374506E+02,0.000000E+00,9.192190E-02,0.000000E+00,0.000000E+00,0.000000E+00,0.000000E+00,0.000000E+00,0.000000E+00,0.000000E+00,0.000000E+00,0.000000E+00,0.000000E+00,2.399214E+01,5.824934E+01,0.000000E+00,9.492844E+02,0.000000E+00,9.308205E-02,0.000000E+00,0.000000E+00,0.000000E+00,0.000000E+00,0.000000E+00,0.000000E+00,0.000000E+00,0.000000E+00,0.000000E+00,0.000000E+00,2.399216E+01,5.812687E+01
19:20:00,0.000000E+00,9.355453E+02,0.000000E+00,9.173490E-02,0.000000E+00,0.000000E+00,0.000000E+00,0.000000E+00,0.000000E+00,0.000000E+00,0.000000E+00,0.000000E+00,0.000000E+00,0.000000E+00,2.399215E+01,5.827495E+01,0.000000E+00,9.471780E+02,0.000000E+00,9.287535E-02,0.000000E+00,0.000000E+00,0.000000E+00,0.000000E+00,0.000000E+00,0.000000E+00,0.000000E+00,0.000000E+00,0.000000E+00,0.000000E+00,2.399217E+01,5.815413E+01
19:30:00,0.000000E+00,9.336966E+02,0.000000E+00,9.155348E-02,0.000000E+00,0.000000E+00,0.000000E+00,0.000000E+00,0.000000E+00,0.000000E+00,0.000000E+00,0.000000E+00,0.000000E+00,0.000000E+00,2.399215E+01,5.829742E+01,0.000000E+00,9.451217E+02,0.000000E+00,9.267358E-02,0.000000E+00,0.000000E+00,0.000000E+00,0.000000E+00,0.000000E+00,0.000000E+00,0.000000E+00,0.000000E+00,0.000000E+00,0.000000E+00,2.399217E+01,5.817834E+01
19:40:00,0.000000E+00,9.318888E+02,0.000000E+00,9.137610E-02,0.000000E+00,0.000000E+00,0.000000E+00,0.000000E+00,0.000000E+00,0.000000E+00,0.000000E+00,0.000000E+00,0.000000E+00,0.000000E+00,2.399216E+01,5.831839E+01,0.000000E+00,9.431020E+02,0.000000E+00,9.247543E-02,0.000000E+00,0.000000E+00,0.000000E+00,0.000000E+00,0.000000E+00,0.000000E+00,0.000000E+00,0.000000E+00,0.000000E+00,0.000000E+00,2.399218E+01,5.820114E+01
19:50:00,0.000000E+00,9.301089E+02,0.000000E+00,9.120147E-02,0.000000E+00,0.000000E+00,0.000000E+00,0.000000E+00,0.000000E+00,0.000000E+00,0.000000E+00,0.000000E+00,0.000000E+00,0.000000E+00,2.399217E+01,5.833986E+01,0.000000E+00,9.411076E+02,0.000000E+00,9.227977E-02,0.000000E+00,0.000000E+00,0.000000E+00,0.000000E+00,0.000000E+00,0.000000E+00,0.000000E+00,0.000000E+00,0.000000E+00,0.000000E+00,2.399219E+01,5.822447E+01
20:00:00,0.000000E+00,9.283441E+02,0.000000E+00,9.102834E-02,0.000000E+00,0.000000E+00,0.000000E+00,0.000000E+00,0.000000E+00,0.000000E+00,0.000000E+00,0.000000E+00,0.000000E+00,0.000000E+00,2.399218E+01,5.836304E+01,0.000000E+00,9.391276E+02,0.000000E+00,9.208553E-02,0.000000E+00,0.000000E+00,0.000000E+00,0.000000E+00,0.000000E+00,0.000000E+00,0.000000E+00,0.000000E+00,0.000000E+00,0.000000E+00,2.399220E+01,5.824953E+01
20:10:00,0.000000E+00,9.264574E+02,0.000000E+00,9.084325E-02,0.000000E+00,0.000000E+00,0.000000E+00,0.000000E+00,0.000000E+00,0.000000E+00,0.000000E+00,0.000000E+00,0.000000E+00,0.000000E+00,2.399220E+01,5.838865E+01,0.000000E+00,9.370260E+02,0.000000E+00,9.187939E-02,0.000000E+00,0.000000E+00,0.000000E+00,0.000000E+00,0.000000E+00,0.000000E+00,0.000000E+00,0.000000E+00,0.000000E+00,0.000000E+00,2.399221E+01,5.827700E+01
20:20:00,0.000000E+00,9.244473E+02,0.000000E+00,9.064606E-02,0.000000E+00,0.000000E+00,0.000000E+00,0.000000E+00,0.000000E+00,0.000000E+00,0.000000E+00,0.000000E+00,0.000000E+00,0.000000E+00,2.399220E+01,5.841460E+01,0.000000E+00,9.348025E+02,0.000000E+00,9.166129E-02,0.000000E+00,0.000000E+00,0.000000E+00,0.000000E+00,0.000000E+00,0.000000E+00,0.000000E+00,0.000000E+00,0.000000E+00,0.000000E+00,2.399222E+01,5.830479E+01
20:30:00,0.000000E+00,9.223063E+02,0.000000E+00,9.043605E-02,0.000000E+00,0.000000E+00,0.000000E+00,0.000000E+00,0.000000E+00,0.000000E+00,0.000000E+00,0.000000E+00,0.000000E+00,0.000000E+00,2.399221E+01,5.844054E+01,0.000000E+00,9.324506E+02,0.000000E+00,9.143059E-02,0.000000E+00,0.000000E+00,0.000000E+00,0.000000E+00,0.000000E+00,0.000000E+00,0.000000E+00,0.000000E+00,0.000000E+00,0.000000E+00,2.399222E+01,5.833255E+01
20:40:00,0.000000E+00,9.200298E+02,0.000000E+00,9.021274E-02,0.000000E+00,0.000000E+00,0.000000E+00,0.000000E+00,0.000000E+00,0.000000E+00,0.000000E+00,0.000000E+00,0.000000E+00,0.000000E+00,2.399222E+01,5.846730E+01,0.000000E+00,9.299663E+02,0.000000E+00,9.118692E-02,0.000000E+00,0.000000E+00,0.000000E+00,0.000000E+00,0.000000E+00,0.000000E+00,0.000000E+00,0.000000E+00,0.000000E+00,0.000000E+00,2.399223E+01,5.836110E+01
20:50:00,0.000000E+00,9.176166E+02,0.000000E+00,8.997603E-02,0.000000E+00,0.000000E+00,0.000000E+00,0.000000E+00,0.000000E+00,0.000000E+00,0.000000E+00,0.000000E+00,0.000000E+00,0.000000E+00,2.399223E+01,5.849593E+01,0.000000E+00,9.273493E+02,0.000000E+00,9.093022E-02,0.000000E+00,0.000000E+00,0.000000E+00,0.000000E+00,0.000000E+00,0.000000E+00,0.000000E+00,0.000000E+00,0.000000E+00,0.000000E+00,2.399224E+01,5.839147E+01
21:00:00,0.000000E+00,9.150686E+02,0.000000E+00,8.972611E-02,0.000000E+00,0.000000E+00,0.000000E+00,0.000000E+00,0.000000E+00,0.000000E+00,0.000000E+00,0.000000E+00,0.000000E+00,0.000000E+00,2.399224E+01,5.852704E+01,0.000000E+00,9.246017E+02,0.000000E+00,9.066074E-02,0.000000E+00,0.000000E+00,0.000000E+00,0.000000E+00,0.000000E+00,0.000000E+00,0.000000E+00,0.000000E+00,0.000000E+00,0.000000E+00,2.399225E+01,5.842426E+01
21:10:00,0.000000E+00,9.122596E+02,0.000000E+00,8.945060E-02,0.000000E+00,0.000000E+00,0.000000E+00,0.000000E+00,0.000000E+00,0.000000E+00,0.000000E+00,0.000000E+00,0.000000E+00,0.000000E+00,2.399225E+01,5.856095E+01,0.000000E+00,9.215978E+02,0.000000E+00,9.036612E-02,0.000000E+00,0.000000E+00,0.000000E+00,0.000000E+00,0.000000E+00,0.000000E+00,0.000000E+00,0.000000E+00,0.000000E+00,0.000000E+00,2.399226E+01,5.845979E+01
21:20:00,0.000000E+00,9.091989E+02,0.000000E+00,8.915040E-02,0.000000E+00,0.000000E+00,0.000000E+00,0.000000E+00,0.000000E+00,0.000000E+00,0.000000E+00,0.000000E+00,0.000000E+00,0.000000E+00,2.399226E+01,5.859770E+01,0.000000E+00,9.183482E+02,0.000000E+00,9.004741E-02,0.000000E+00,0.000000E+00,0.000000E+00,0.000000E+00,0.000000E+00,0.000000E+00,0.000000E+00,0.000000E+00,0.000000E+00,0.000000E+00,2.399227E+01,5.849807E+01
21:30:00,0.000000E+00,9.058933E+02,0.000000E+00,8.882620E-02,0.000000E+00,0.000000E+00,0.000000E+00,0.000000E+00,0.000000E+00,0.000000E+00,0.000000E+00,0.000000E+00,0.000000E+00,0.000000E+00,2.399227E+01,5.863727E+01,0.000000E+00,9.148597E+02,0.000000E+00,8.970527E-02,0.000000E+00,0.000000E+00,0.000000E+00,0.000000E+00,0.000000E+00,0.000000E+00,0.000000E+00,0.000000E+00,0.000000E+00,0.000000E+00,2.399228E+01,5.853909E+01
21:40:00,0.000000E+00,9.023546E+02,0.000000E+00,8.847913E-02,0.000000E+00,0.000000E+00,0.000000E+00,0.000000E+00,0.000000E+00,0.000000E+00,0.000000E+00,0.000000E+00,0.000000E+00,0.000000E+00,2.399227E+01,5.867957E+01,0.000000E+00,9.111436E+02,0.000000E+00,8.934081E-02,0.000000E+00,0.000000E+00,0.000000E+00,0.000000E+00,0.000000E+00,0.000000E+00,0.000000E+00,0.000000E+00,0.000000E+00,0.000000E+00,2.399229E+01,5.858273E+01
21:50:00,0.000000E+00,8.985918E+02,0.000000E+00,8.811009E-02,0.000000E+00,0.000000E+00,0.000000E+00,0.000000E+00,0.000000E+00,0.000000E+00,0.000000E+00,0.000000E+00,0.000000E+00,0.000000E+00,2.399228E+01,5.872457E+01,0.000000E+00,9.072087E+02,0.000000E+00,8.895491E-02,0.000000E+00,0.000000E+00,0.000000E+00,0.000000E+00,0.000000E+00,0.000000E+00,0.000000E+00,0.000000E+00,0.000000E+00,0.000000E+00,2.399229E+01,5.862900E+01
22:00:00,0.000000E+00,8.946092E+02,0.000000E+00,8.771950E-02,0.000000E+00,0.000000E+00,0.000000E+00,0.000000E+00,0.000000E+00,0.000000E+00,0.000000E+00,0.000000E+00,0.000000E+00,0.000000E+00,2.399229E+01,5.877218E+01,0.000000E+00,9.030581E+02,0.000000E+00,8.854784E-02,0.000000E+00,0.000000E+00,0.000000E+00,0.000000E+00,0.000000E+00,0.000000E+00,0.000000E+00,0.000000E+00,0.000000E+00,0.000000E+00,2.399230E+01,5.867781E+01
22:10:00,0.000000E+00,7.438609E+02,0.000000E+00,7.293808E-02,0.000000E+00,0.000000E+00,0.000000E+00,0.000000E+00,0.000000E+00,0.000000E+00,0.000000E+00,0.000000E+00,0.000000E+00,0.000000E+00,2.515459E+01,5.650857E+01,0.000000E+00,7.508323E+02,0.000000E+00,7.362157E-02,0.000000E+00,0.000000E+00,0.000000E+00,0.000000E+00,0.000000E+00,0.000000E+00,0.000000E+00,0.000000E+00,0.000000E+00,0.000000E+00,2.516357E+01,5.639565E+01
22:20:00,0.000000E+00,6.140468E+02,0.000000E+00,5.978562E-02,0.000000E+00,0.000000E+00,0.000000E+00,0.000000E+00,0.000000E+00,0.000000E+00,0.000000E+00,0.000000E+00,0.000000E+00,0.000000E+00,2.607064E+01,5.517366E+01,0.000000E+00,6.210181E+02,0.000000E+00,6.044063E-02,0.000000E+00,0.000000E+00,0.000000E+00,0.000000E+00,0.000000E+00,0.000000E+00,0.000000E+00,0.000000E+00,0.000000E+00,0.000000E+00,2.608412E+01,5.504967E+01
22:30:00,0.000000E+00,4.964390E+02,0.000000E+00,4.761851E-02,0.000000E+00,0.000000E+00,0.000000E+00,0.000000E+00,0.000000E+00,0.000000E+00,0.000000E+00,0.000000E+00,0.000000E+00,0.000000E+00,2.644306E+01,5.497339E+01,0.000000E+00,5.039898E+02,0.000000E+00,4.828681E-02,0.000000E+00,0.000000E+00,0.000000E+00,0.000000E+00,0.000000E+00,0.000000E+00,0.000000E+00,0.000000E+00,0.000000E+00,0.000000E+00,2.645705E+01,5.484370E+01
22:40:00,0.000000E+00,3.972268E+02,0.000000E+00,3.685597E-02,0.000000E+00,0.000000E+00,0.000000E+00,0.000000E+00,0.000000E+00,0.000000E+00,0.000000E+00,0.000000E+00,0.000000E+00,0.000000E+00,2.669220E+01,5.548697E+01,0.000000E+00,4.052860E+02,0.000000E+00,3.753442E-02,0.000000E+00,0.000000E+00,0.000000E+00,0.000000E+00,0.000000E+00,0.000000E+00,0.000000E+00,0.000000E+00,0.000000E+00,0.000000E+00,2.669234E+01,5.537098E+01
22:50:00,0.000000E+00,3.044680E+02,0.000000E+00,2.660513E-02,0.000000E+00,0.000000E+00,0.000000E+00,0.000000E+00,0.000000E+00,0.000000E+00,0.000000E+00,0.000000E+00,0.000000E+00,0.000000E+00,2.669625E+01,5.616891E+01,0.000000E+00,3.122283E+02,0.000000E+00,2.723203E-02,0.000000E+00,0.000000E+00,0.000000E+00,0.000000E+00,0.000000E+00,0.000000E+00,0.000000E+00,0.000000E+00,0.000000E+00,0.000000E+00,2.669614E+01,5.603958E+01
23:00:00,0.000000E+00,2.138167E+02,0.000000E+00,1.653286E-02,0.000000E+00,0.000000E+00,0.000000E+00,0.000000E+00,0.000000E+00,0.000000E+00,0.000000E+00,0.000000E+00,0.000000E+00,0.000000E+00,2.669583E+01,5.725027E+01,0.000000E+00,2.216448E+02,0.000000E+00,1.713705E-02,0.000000E+00,0.000000E+00,0.000000E+00,0.000000E+00,0.000000E+00,0.000000E+00,0.000000E+00,0.000000E+00,0.000000E+00,0.000000E+00,2.669576E+01,5.709966E+01
23:10:00,0.000000E+00,2.730779E+02,0.000000E+00,2.110639E-02,0.000000E+00,0.000000E+00,0.000000E+00,0.000000E+00,0.000000E+00,0.000000E+00,0.000000E+00,0.000000E+00,0.000000E+00,0.000000E+00,2.669542E+01,5.806529E+01,0.000000E+00,2.821658E+02,0.000000E+00,2.180782E-02,0.000000E+00,0.000000E+00,0.000000E+00,0.000000E+00,0.000000E+00,0.000000E+00,0.000000E+00,0.000000E+00,0.000000E+00,0.000000E+00,2.669533E+01,5.789685E+01
23:20:00,0.000000E+00,3.132276E+02,0.000000E+00,2.420459E-02,0.000000E+00,0.000000E+00,0.000000E+00,0.000000E+00,0.000000E+00,0.000000E+00,0.000000E+00,0.000000E+00,0.000000E+00,0.000000E+00,2.669497E+01,5.858292E+01,0.000000E+00,3.220864E+02,0.000000E+00,2.488662E-02,0.000000E+00,0.000000E+00,0.000000E+00,0.000000E+00,0.000000E+00,0.000000E+00,0.000000E+00,0.000000E+00,0.000000E+00,0.000000E+00,2.669489E+01,5.840225E+01
23:30:00,0.000000E+00,3.427199E+02,0.000000E+00,2.645060E-02,0.000000E+00,0.000000E+00,0.000000E+00,0.000000E+00,0.000000E+00,0.000000E+00,0.000000E+00,0.000000E+00,0.000000E+00,0.000000E+00,2.669469E+01,5.887834E+01,0.000000E+00,3.507614E+02,0.000000E+00,2.707135E-02,0.000000E+00,0.000000E+00,0.000000E+00,0.000000E+00,0.000000E+00,0.000000E+00,0.000000E+00,0.000000E+00,0.000000E+00,0.000000E+00,2.669461E+01,5.869056E+01
23:40:00,0.000000E+00,3.550767E+02,0.000000E+00,2.740362E-02,0.000000E+00,0.000000E+00,0.000000E+00,0.000000E+00,0.000000E+00,0.000000E+00,0.000000E+00,0.000000E+00,0.000000E+00,0.000000E+00,2.669450E+01,5.903606E+01,0.000000E+00,3.623684E+02,0.000000E+00,2.796655E-02,0.000000E+00,0.000000E+00,0.000000E+00,0.000000E+00,0.000000E+00,0.000000E+00,0.000000E+00,0.000000E+00,0.000000E+00,0.000000E+00,2.669442E+01,5.884492E+01
23:50:00,0.000000E+00,3.620650E+02,0.000000E+00,2.794362E-02,0.000000E+00,0.000000E+00,0.000000E+00,0.000000E+00,0.000000E+00,0.000000E+00,0.000000E+00,0.000000E+00,0.000000E+00,0.000000E+00,2.669438E+01,5.911741E+01,0.000000E+00,3.694138E+02,0.000000E+00,2.851095E-02,0.000000E+00,0.000000E+00,0.000000E+00,0.000000E+00,0.000000E+00,0.000000E+00,0.000000E+00,0.000000E+00,0.000000E+00,0.000000E+00,2.669431E+01,5.892541E+01
24:00:00,0.000000E+00,3.678596E+02,0.000000E+00,2.839138E-02,0.000000E+00,0.000000E+00,0.000000E+00,0.000000E+00,0.000000E+00,0.000000E+00,0.000000E+00,0.000000E+00,0.000000E+00,0.000000E+00,2.669430E+01,5.915844E+01,0.000000E+00,3.749025E+02,0.000000E+00,2.893512E-02,0.000000E+00,0.000000E+00,0.000000E+00,0.000000E+00,0.000000E+00,0.000000E+00,0.000000E+00,0.000000E+00,0.000000E+00,0.000000E+00,2.669423E+01,5.896716E+01
Peak,0.000000E+00,9.454688E+02,0.000000E+00,9.270957E-02,0.000000E+00,0.000000E+00,0.000000E+00,0.000000E+00,0.000000E+00,0.000000E+00,0.000000E+00,0.000000E+00,,,,,0.000000E+00,9.583320E+02,0.000000E+00,9.397058E-02,0.000000E+00,0.000000E+00,0.000000E+00,0.000000E+00,0.000000E+00,0.000000E+00,0.000000E+00,0.000000E+00,,,,

Peak Vol Flow (m3/s),,,0.000000E+00,7.709118E-02,,,0.000000E+00,0.000000E+00,,,,,,,,,,,0.000000E+00,7.813975E-02,,,0.000000E+00,0.000000E+00,,,,,,,,
